komunat,time
"komuna e Prishtinë 68 raste, komuna Ferizaj 55 raste, komuna Mitrovicë 35 raste, komuna Fushë Kosovë 13 raste, komuna Prizren 10 raste, komuna Lipjan 8 raste, komuna Vushtrri 6 raste, komuna Drenas 3 raste, komuna Podujevë 3 raste, komuna Gjakovë 2 raste, komuna Skenderaj 2 raste, komuna Obiliq 2 raste, komuna Han i Elezit 2 raste, komuna Malishevë 2 raste dhe me nga 1 rast komunat: Junik, Suharekë dhe Shtime.",2020-07-08 23:24:10
"komuna e Prishtinës 73 raste, komuna e Gjilanit 20 raste, komuna e Pejës 13 raste, komuna e Vushtrrisë 11 raste, komuna e Fushë Kosovës 10 raste, komuna e Lipjanit 10 raste, komuna e Mitrovicës 9 raste, komuna e Skenderajt 6 raste, komuna e Ferizajt 6 raste, komuna e Prizrenit 4 raste, komuna e Drenasit 4 raste, komuna e Podujevës 3 raste, komuna e Kamenicës 3 raste, me nga 2 raste komunat: Rahovecit, Viti, Istog, Graçanicë dhe me nga 1 rast komunat: Zubin Potok, Dragash dhe Malishevë",2020-07-07 23:24:10
"komuna e Prishtinës 102 raste, komuna e Ferizajt 17 raste, komuna e Fushë Kosovës 11 raste, komuna e Gjakovës 10 raste, komuna e Gjilanit 8 raste, komuna e Prizrenit 7 raste, komuna e Deçanit 6 raste, komuna e Mitrovicës 5 raste, komuna e Drenasit 4 raste, komuna e Skenderajt 4 raste, komuna e Lipjanit 4 raste, komuna e Obiliqit 3 raste, komuna e Rahovecit 3 raste, komuna e Pejës 2 raste, komuna e Vushtrrisë 2 raste, komuna e Shtimes 2 raste dhe me nga 1 rast komunat: Graçanicë, Kaçanik, Kamenicë, Podujevë dhe Suharekë.
",2020-07-06 23:50:28
"komuna e Prishtinës 57 raste, komuna e Prizrenit 16 raste, komuna e Fushë Kosovës 11 raste, komuna e Vushtrrisë 9 raste, komuna e Mitrovicës 8 raste, komuna e Gjilanit 7 raste, komuna e Drenasit 5 raste, komuna e Gjakovës 5 raste, komuna e Skenderajt 5 raste, komuna e Kaçanikut 3 raste, komuna e Lipjanit 3 raste, komuna e Obiliqit 3 raste, komuna e Pejës 3 raste, komuna e Rahovecit 3 raste, komuna e Kamenicës 2 raste, komuna e Malishevës 2 raste, komuna e Suharekës 2 raste, komuna e Vitisë 2 raste dhe me nga 1 rast komunat: Ferizaj, Graçanicë, Klinë, Mamushë, Shtime dhe Zubin Potok.
",2020-07-05 23:23:43
"komuna e Prishtinës 81 raste, komuna e Fushë Kosovës 16 raste, komuna e Prizrenit 10 raste, komuna e Ferizajt 10 raste, komuna e Drenasit 9 raste, komuna e Gjilanit 9 raste, komuna e Vushtrrisë 8 raste, komuna e Lipjanit 6 raste, komuna e Skenderajt 6 raste, komuna e Mitrovicës 4 raste, komuna e Pejës 4 raste, komuna e Podujevës 4 raste, komuna e Shtimes 3 raste, komuna e Vitisë 2 raste, komuna e Kamenicës 2 raste dhe me nga 1 rast komunat: Suharekë, Mamushë, Obiliq dhe Dragash.
",2020-07-05 00:00:41
"komuna e Ferizajt 35 raste, komuna e Prishtinës 17 raste, komuna e Mitrovicës 9 raste, komuna e Pejës 9 raste, komuna e Vushtrrisë 9 raste, komuna e Prizrenit 8 raste, komuna e Gjakovës 7 raste, komuna e Rahovecit 5 raste, komuna e Gjilanit 4 raste, komuna e Vitisë 3 raste, komuna e Suharekës 2 raste dhe me nga 1 rast komunat: Hani i Elezit, Kaçanik, Kamenicë, Mamushë, Obiliq dhe Skenderaj",2020-07-03 21:14:28
"komuna e Prishtinës 44 raste, komuna e Lipjanit 7 raste, komuna e Ferizajt 5 raste, komuna e Vushtrrisë 5 raste, komuna e Fushë Kosovës 3 raste, komuna e Obiliqit 3 raste, komuna e Skenderajt 2 raste dhe me nga 1 rast komunat: Istog, Klinë, Pejë dhe Podujevë",2020-07-02 22:15:18
"komuna e Prishtinës 36 raste, komuna e Ferizajt 15 raste, komuna e Gjilanit 12 raste, komuna e Prizrenit 11 raste, komuna e Mitrovicës 10 raste, komuna e Fushë Kosovës 6 raste, komuna e Vushtrrisë 6 raste, komuna e Drenasit 3 raste, komuna e Vitisë 2 raste, komuna e Skenderajt 2 raste, komuna e Suharekës 2 raste dhe me nga 1 rast komunat: Gjakovë, Kamenicë, Malishevë, Obiliq, Pejë, Podujevë, Rahovec dhe Shtime",2020-07-01 21:25:15
"komuna e Prishtinës 40 raste, komuna e Vushtrrisë 10 raste, komuna e Fushë Kosovës 7 raste, komuna e Mitrovicës 4 raste, komuna e Podujevës 3 raste, komuna e Gjakovës 3 raste, komuna e Ferizajt 2 raste, komuna e Skenderajt 2 raste, komuna e Lipjanit 2 raste, dhe me nga 1 rast komunat: Gjilan, Istog, Malishevë, Mamushë, Pejë dhe Suharekë.
",2020-06-30 21:54:56
"komuna e Prishtinës 41 raste, komuna e Ferizajt 21 raste, komuna e Pejës 10 raste, komuna e Gjakovës 8 raste, komuna e Prizrenit 7 raste, komuna e Fushë Kosovës 5 raste, komuna e Gjilanit 5 raste, komuna e Vushtrrisë 5 raste, komuna e Podujevës 4 raste, komuna e Kamenicës 3 raste, komuna e Vitisë 3 raste, komuna e Shtimes 2 raste, komuna e Lipjanit 2 raste dhe me nga 1 rast komunat: Dragash, Istog, Klinë, Malishevë, Skenderaj dhe Suharekë",2020-06-29 21:47:38
"komuna e Prishtinës 33 raste, komuna e Prizrenit 7 raste, komuna e Podujevës 6 raste, komuna e Mitrovicës 6 raste, komuna e Lipjanit 4 raste, komuna e Suharekës 4 raste, komuna e Gjilanit 4 raste, komuna e Ferizajt 3 raste, komuna e Fushë Kosovës 3 raste, komuna e Mamushës 3 raste, komuna e Skenderajt 3 raste, komuna e Vushtrrisë 3 raste, komuna e Rahovecit 2 raste, Komuna e Drenasit 2 raste dhe me nga 1 rast komunat: Kaçanik, Malishevë, Viti dhe Pejë",2020-06-28 21:54:53
"komuna e Prishtinës 44 raste, komuna e Prizrenit 10 raste, komuna e Pejës 7 raste, komuna e Rahovecit 5 raste, komuna e Ferizajt 5 raste, komuna e Suharekës 4 raste, komuna e Mitrovicës 3 raste, komuna e Gjakovës 3 raste, komuna e Gjilanit 4 raste, komuna e Vushtrrisë 4 raste, Drenas 2 raste dhe me nga 1 rast komunat: Istog, Fushë Kosovë, Podujevë, Skenderaj, dhe Viti",2020-06-27 22:01:23
"komuna e Prishtinës 32 raste, komuna e Prizrenit 4 raste, komuna e Rahovecit 4 raste, komuna e Gjakovës 3 raste, komuna e Gjilanit 3 raste, komuna e Kamenicës 2 raste, komuna Lipjanit 2 raste, komuna e Mamushës 2 raste, komuna e Vushtrrisë 2 raste dhe me nga 1 rast komunat: Drenas, Ferizaj, Fushë Kosovë, Mitrovicë, Podujevë, Skenderaj, Suharekë dhe Viti.
Sot më 26 qershor 2020, janë shëruar 61 pacientë derisa numri i përgjithshëm i të shëruarve deri më sot është gjithsej 1.307 raste, kurse raste aktive 1.143.
Nga data 08 shkurt deri më 26 qershor 2020, në Laboratorin e Mikrobiologjisë Molekulare në IKSHPK me metodën RT-PCR, janë testuar gjithsej 22.930 persona të dyshimtë në virusin SARS-CoV-2 dhe prej tyre pozitive rezultojnë gjithsej 2.494 raste, me gjithsej 44 raste të vdekjes të cilët kanë pasur sëmundje të tjera shoqëruese.
",2020-06-26 22:01:22
"komuna e Prishtinës 37 raste, komuna e Istogut 8 raste, komuna e Prizrenit 5 raste, komuna e Fushë Kosovës 5 raste, komuna e Mitrovicës 3 raste, komuna e Ferizajt 2 raste, dhe me nga 1 rast komunat: Drenas, Rahovec, Klinë, Lipjan, Obiliq, Pejë, Suharekë, Viti dhe Vushtrri",2020-06-25 22:03:01
"komuna e Pejës 18 raste, komuna e Vitisë 16 raste, komuna e Prizrenit 15 raste, komuna e Prishtinës 15 raste, komuna e Mamushës 8 raste, komuna e Gjilanit 8 raste, komuna e Gjakovës 3 raste, komuna e Istogut 2 raste, komuna e Lipjanit 2 raste, komuna e Mitrovicës 2 raste dhe me nga 1 rast komunat: Fushë Kosovë, Kllokot, Malishevë, Obiliq, Rahovec dhe Vushtrri",2020-06-24 22:03:38
"komuna e Prizrenit 15 raste, komuna e Prishtinës 13 raste, komuna e Mamushës 6 raste, komuna e Fushë Kosovës 5 raste, komuna e Vushtrrisë 4 raste, komuna e Gjilanit 3 raste, komuna e Skenderaj 2 raste dhe me nga 1 rast komunat: Mitrovicë, Obiliq, Podujevë dhe Viti",2020-06-23 22:09:43
"komuna e Prishtinës 18 raste, komuna e Vushtrrisë 6 raste, komuna e Prizrenit 4 raste, komuna e Vitisë 3 raste, komuna e Podujevës 3 raste, komuna e Gjilanit 3 raste, komuna e Lipjanit 2 raste dhe me nga 1 rast komunat: Dragash, Ferizaj, Fushë Kosovë, Gjakovë, Mitrovicë, Pejë, Rahovec dhe Skenderaj.
Sot më 22 qershor 2020, janë shëruar 22 pacientë derisa numri i përgjithshëm i të shëruarve deri më sot është gjithsej 1069 raste.
Nga data 08 shkurt deri më 22 qershor 2020, në Laboratorin e Mikrobiologjisë Molekulare në IKSHPK me metodën RT-PCR, janë testuar gjithsej 21.831 persona të dyshimtë në virusin SARS-CoV-2 dhe prej tyre pozitive rezultojnë gjithsej 2.216 raste, me gjithsej 37 raste të vdekjes të cilët kanë pasur sëmundje të tjera shoqëruese.
Në IKSHPK në vazhdimësi përgjatë 24 orëve janë duke u kontaktuar dhe mbikëqyrë të gjitha kontaktet e rasteve, si dhe kontaktet e kontakteve duke i obliguar për vetëizolim dhe të kërkojnë ndihmë mjekësore nëse kanë simptome.
Në nivel global, nga data 31 dhjetor 2019 deri më 22 qershor 2020 sipas Worldometers, janë raportuar gjithsej 9.112.653 raste të COVID-19 dhe 471.848 raste të vdekjes.
",2020-06-22 20:33:18
"komuna e Gjilanit 20 raste, komuna e Prishtinës 19 raste, komuna e Prizrenit 19 raste, komuna e Mitrovicës 15 raste, komuna e Pejës 6 raste, komuna e Vitisë 6 raste, komuna e Vushtrrisë 3 raste, komuna e Drenasit 2 raste, dhe me nga 1 rast komunat: Fushë Kosovë, Kaçanik, Lipjan, Mamushë, Obiliq dhe Shtime",2020-06-21 18:36:19
"komuna e Prishtinës 36 raste, komuna e Vushtrrisë 9 raste, komuna e Mitrovicës 7 raste, komuna e Prizrenit 5 raste, komuna e Fushë Kosovës 5 raste, komuna Skenderaj 4 raste, komuna Istog 3 raste, komuna Rahovec 2 raste dhe me nga 1 rast komunat: Gjakovë, Lipjan, Mamushë dhe Pejë",2020-06-20 19:40:34
"komuna e Prishtinës 41, komuna e Gjakovës 14 raste, komuna e Vushtrrisë 7 raste, komuna e Prizrenit 5 raste, komuna e Ferizajit 3 raste, komuna e Vitisë 3 raste, komuna e Podujevës 2 raste, komuna e Fushë Kosovës 2 raste dhe me nga 1 rast komunat: Klinë, Lipjan, Obiliq, Mamushë dhe Rahovec",2020-06-19 19:48:53
"komuna e Vushtrrisë 15 raste, komuna e Prishtinës 14 raste, komuna e Gjilanit 12 raste, komuna e Pejës 9 raste, komuna e Mitrovicës 9 raste, komuna e Dragashit 8 raste, komuna e Mamushës 7 raste, komuna e Prizrenit 6 raste dhe me nga 1 rast komunat: Fushë Kosovë, Obiliq dhe Skenderaj.
Sot më 18 qershor 2020, janë shëruar 5 pacientë derisa numri i përgjithshëm i të shëruarve deri më sot është gjithsej 973 raste.
Në javën e fundit kemi shfaqje të rasteve pozitive në mesin e punëtorëve të organizatave si: Posta e Kosovës, KEK, KEDS, Galeri e arteve, institucione bankare, shëndetësore, agjensione, kompani tregëtare dhe biznese private.
Nga data 08 shkurt deri më 18 qershor 2020, në Laboratorin e Mikrobiologjisë Molekulare në IKSHPK me metodën RT-PCR, janë testuar gjithsej 20.206 persona të dyshimtë në virusin SARS-CoV-2 dhe prej tyre pozitive rezultojnë gjithsej 1.916 raste, me gjithsej 34 raste të vdekjes të cilët kanë pasur sëmundje të tjera shoqëruese.
Në IKSHPK në vazhdimësi përgjatë 24 orëve janë duke u kontaktuar dhe mbikëqyrë të gjitha kontaktet e rasteve, si dhe kontaktet e kontakteve duke i obliguar për vetëizolim dhe të kërkojnë ndihmë mjekësore nëse kanë simptome.
Në nivel global, nga data 31 dhjetor 2019 deri më 18 qershor 2020 sipas Worldometers, janë raportuar gjithsej 8.489.701 raste të COVID-19 dhe 452.430 raste të vdekjes.
",2020-06-18 19:44:40
"komuna e Prishtinës 21 (sipas vendbanimit: 20 raste Prishtinë, 1 Hajvali), Komuna e Gjilanit 9 raste (sipas vendbanimit: 8 raste Gjilan, 1 Malishevë),
Komuna e Mitrovicës 7 raste (sipas vendbanimit: 4 raste Mitrovicë, 1 rast Shipol, 1 rast Gushavc dhe 1 rast Tuneli i parë),
Komuna e Podujevës 7 raste (sipas vendbanimit: 7 raste Podujevë),
Komuna e Drenasit 5 raste (sipas vendbanimit: 5 raste Drenas),
Komuna e Prizrenit 5 raste (sipas vendbanimit: 4 raste Prizren dhe 1 rast Rogovë e Hasit), Komuna e Vitisë 4 raste (sipas vendbanimit: 2 raste Pozharan dhe 2 raste Sllatinë e epërme), Komuna e Vushtrrisë 4 raste (sipas vendbanimit:2 raste Vushtrri, 1 rast Novolam dhe 1 rast Stanovc i poshtëm),
Komuna e Fushë Kosovës 4 raste (sipas vendbanimit: 4 raste Fushë Kosovë),
Komuna e Obiliqit 4 raste (sipas vendbanimit: 3 raste Milloshevë dhe 1 rast Plemetin)
Komuna e Skenderajit 3 raste(sipas vendbanimit: 3 raste Skenderaj)
Komuna e Ferizajit 2 raste (sipas vendbanimit: 2 raste Komogllavë) dhe me nga 1 rast vendbanimet: Gjakovë dhe Mamushë",2020-06-17 19:52:58
"komuna e Prishtinës 42 (sipas vendbanimit: 39 raste Prishtinë dhe 2 raste Hajvali dhe 1 rast Barilevë), komuna e Vushtrrisë 30 raste (sipas vendbanimit: 18 raste Stanovc i epërm, 8 raste Vushtrri, 2 raste Maxhunaj, 1 rast Begaj dhe 1 rast Bukosh), komuna e Pejës 18 raste (sipas vendbanimit: 18 raste Pejë), komuna e Mitrovicës 11 raste (sipas vendbanimit: 9 raste Mitrovicë, 1 rast Zhabar dhe 1 rast Shupkovc), komuna e Obiliqit 9 raste (sipas vendbanimit: 6 raste Obiliq, 1 rast Hade, 1 rast Breznicë dhe 1 rast Raskovë), komuna e Prizrenit 7 raste (sipas vendbanimit: 4 raste Prizren, 2 raste Lubizhdë dhe 1 rast Gërnçar), komuna e Fushë Kosovës 6 raste (sipas vendbanimit: 6 raste Fushë Kosovë), komuna e Gjilanit 5 raste (sipas vendbanimit: 4 raste Gjilan dhe 1 rast Cërnicë), komuna e Podujevë 4 raste (sipas vendbanimit: 2 raste Konushevc, 1 rast Gërdovc dhe 1 rast Dumnicë e poshtme), 3 raste Mamushë, 2 raste Viti (sipas vendbanimit: 2 raste Skifteraj) dhe me nga 1 rast vendbanimet: Kamenicë, Partesh, Gabricë-Kaçanik dhe Rahovec.
Në javën e fundit kemi shfaqje të rasteve pozitive në mesin e punëtorëve të organizatave si: Posta e Kosovës, KEK, KEDS, Galeri e arteve, institucione bankare, shëndetësore, agjensione, kompani tregëtare dhe biznese private.
Sot më 16 qershor 2020, janë shëruar 5 pacientë derisa numri i përgjithshëm i të shëruarve deri më sot është gjithsej 968 raste.
Nga data 08 shkurt deri më 16 qershor 2020, në Laboratorin e Mikrobiologjisë Molekulare në IKSHPK me metodën RT-PCR, janë testuar gjithsej 19.312 persona të dyshimtë në virusin SARS-CoV-2 dhe prej tyre pozitive rezultojnë gjithsej 1.756 raste, me gjithsej 34 raste të vdekjes të cilët kanë pasur sëmundje të tjera shoqëruese.
Në IKSHPK në vazhdimësi përgjatë 24 orëve janë duke u kontaktuar dhe mbikëqyrë të gjitha kontaktet e rasteve, si dhe kontaktet e kontakteve duke i obliguar për vetëizolim dhe të kërkojnë ndihmë mjekësore nëse kanë simptome.
Në nivel global, nga data 31 dhjetor 2019 deri më 16 qershor 2020 sipas Worldometers, janë raportuar gjithsej 8.183.802 raste të COVID-19 dhe 441.175 raste të vdekjes.
",2020-06-16 19:11:46
"komuna e Prishtinës 46 (sipas vendbanimit: 45 raste Prishtinë dhe 1 rast Hajvali), komuna e Prizrenit 18 raste (sipas vendbanimit: 15 raste Prizren, 1 rast Mazrek, 1 rast Reçan dhe 1 rast Romajë), komuna e Vushtrrisë 15 raste (sipas vendbanimit: 10 raste Vushtrri, 3 raste Akrashticë, 1 rast Begaj dhe 1 rast Maxhunaj), komuna e Rahovecit 9 raste (sipas vendbanimit: 8 raste Rahovec dhe 1 rast Ratkoc), komuna e Pejës 8 raste (sipas vendbanimit: 7 raste Pejë dhe 1 rast Buqan), komuna e Vitisë 6 raste (sipas vendbanimit: 3 raste Skifteraj, 1 rast Pozharan, 1 rast Zhiti dhe 1 rast Sllatinë e epërme), komuna e Gjakovës 6 raste (sipas vendbanimit: 4 raste Rogovë, 1 rast Gjakovë dhe 1 rast Mejë), komuna e Lipjanit 5 raste (sipas vendbanimit: 4 raste Lipjan dhe 1 rast Rufc i ri), komuna e Drenasit 3 raste (sipas vendbanimit: 2 raste Sankoc dhe 1 rast Fushticë e poshtme), komuna e Fushë Kosovës 3 raste (sipas vendbanimit: 3 raste Fushë Kosovë), komuna e Ferizajit 2 raste (sipas vendbanimit: 1 rast Komogllavë dhe 1 rast Ferizaj) dhe me nga 1 rast vendbanimet: Kmetovc-Gjilan, Glloboçicë-Dragash, Kaçanik, Mogillë-Kllokot, Mamushë, Milloshevë-Obiliq, Likoc-Skenderaj, Maqitevë-Suharekë",2020-06-15 20:27:23
"komuna e Vushtrrisë 22 raste (sipas vendbanimit: 17 raste Vushtrri, 2 raste Dumnicë e Poshtme,1 rast Reznik, 1 rast Maxhunaj dhe 1 rast Begaj), komuna e Pejës 7 raste (sipas vendbanimit: 6 raste Pejë dhe 1 rast Nabërgjan), komuna e Prishtinës 5 raste (sipas vendbanimit: 5 raste Prishtinë), komuna e Gjilanit 3 raste (sipas vendbanimit: 3 raste Gjilan), komuna e Prizrenit 3 raste (sipas vendbanimit: 2 raste Prizren dhe 1 rast Lubizhdë), komuna e Istogut 2 raste (sipas vendbanimit: 1 rast Staradaran dhe 1 rast Vrellë), komuna e Mitrovicës 2 raste (sipas vendbanimit 2 raste Mitrovicë) dhe nga 1 rast nga vendbanimet: Fushë Kosovë, Mamushë, Lubovec-Skenderaj, Zhiti-Viti dhe Suharekë",2020-06-14 19:43:48
"komuna e Vushtrrisë 18 raste (sipas vendbanimit: 11 raste Stanovc i epërm, 4 raste Vushtrri, 1 rast Gllavotin, 1 rast Maxhunaj dhe 1 rast Dumnicë e poshtme), komuna e Prishtinës 18 raste (sipas vendbanimit: 18 raste Prishtinë), komuna e Istogut 11 raste (sipas vendbanimit: 11 raste Shushicë), komuna e Rahovecit 3 raste (sipas vendbanimit: 3 raste) dhe me nga 1 rast vendbanimet: Fushë Kosovë, Skifteraj-Viti dhe Pejë",2020-06-13 20:44:28
"komuna e Fushë Kosovës 12 raste (sipas vendbanimit: 6 raste Miradi e poshtme dhe 6 raste Fushë Kosovë ), komuna e Vitisë 12 raste (sipas vendbanimit: 7 raste Zhiti dhe 5 raste Beguncë), komuna e Prishtinës 11 raste (sipas vendbanimit: 11 raste Prishtinë), komuna e Mitrovicës 10 raste (sipas vendbanimit: 6 raste Mitrovicë, 3 raste Kçiq i madh dhe 1 rast Suhodoll), komuna e Vushtrrisë 9 raste (sipas vendbanimit: 4 raste Akrashticë, 2 raste Vushtrri, 2 raste Reznik dhe 1 rast Dobërlluk), komuna e Prizrenit 3 raste (sipas vendbanimit: 3 raste Prizren) dhe 1 rast me vendbanim në Rahovec",2020-06-12 19:30:27
"komuna e Prishtinës 9 raste (sipas vendbanimit: 9 raste Prishtinë), komuna e Vushtrrisë 7 raste (sipas vendbanimit: 3 raste Stanovc i epërm, 2 raste Vushtrri, 1 rast Akrashticë dhe 1 rast Maxhunaj), komuna e Fushë Kosovës 3 raste (sipas vendbanimit: 2 raste Fushë Kosovë dhe 1 rast Miradi e epërme), komuna e Rahovecit 2 raste (sipas vendbanimit: 2 raste Rahovec), komuna e Podujevës 2 raste (sipas vendbanimit:1 rast Konushevc dhe 1 rast Gërdovc) dhe me nga 1 rast vendbanimet: Lipjan, Gjilan, Pejë, Mamushë dhe Rogovë-Gjakovë",2020-06-11 19:41:44
"komuna e Prishtinës 13 raste (sipas vendbanimit: 13 raste Prishtinë), komuna e Obiliqit 8 raste (sipas vendbanimit: 8 raste Milloshevë), komuna e Vushtrrisë 2 raste (sipas vendbanimit: 1 rast Druvar dhe 1 rast Vushtrri) dhe me nga 1 rast vendbanimet: Zhiti-Viti, Lutogllavë-Prizren, Shushicë-Istog, Janjevë-Lipjan, Fushë Kosovë dhe Rahovec.
Sot më 10 qershor 2020, është shëruar 1 pacient derisa numri i përgjithshëm i të shëruarve deri më sot është gjithsej 913 raste.
Nga data 08 shkurt deri më 10 qershor 2020, në Laboratorin e Mikrobiologjisë Molekulare në IKSHPK me metodën RT-PCR, janë testuar gjithsej 17.479 persona të dyshimtë në virusin SARS-CoV-2 dhe prej tyre pozitive rezultojnë gjithsej 1.298 raste, me gjithsej 31 raste të vdekjes të cilët kanë pasur sëmundje të tjera shoqëruese.
Në IKSHPK në vazhdimësi përgjatë 24 orëve janë duke u kontaktuar dhe mbikëqyrë të gjitha kontaktet e rasteve, si dhe kontaktet e kontakteve duke i obliguar për vetëizolim dhe të kërkojnë ndihmë mjekësore nëse kanë simptome.
Në nivel global, nga data 31 dhjetor 2019 deri më 10 qershor 2020 sipas Worldometers, janë raportuar gjithsej 7.363.503 raste të COVID-19 dhe 414.588 raste të vdekjes.
",2020-06-10 18:32:02
"komuna e Prishtinës 3 raste (sipas vendbanimit: 3 raste Prishtinë) dhe me nga 1 rast vendbanimet: Mamushë, Vushtrri dhe Gjilan.
Nga data 08 shkurt deri më 09 qershor 2020, në Laboratorin e Mikrobiologjisë Molekulare në IKSHPK me metodën RT-PCR, janë testuar gjithsej 17.199 persona të dyshimtë në virusin SARS-CoV-2 dhe prej tyre pozitive rezultojnë gjithsej 1.269 raste, me gjithsej 31 raste të vdekjes të cilët kanë pasur sëmundje të tjera shoqëruese.
Në IKSHPK në vazhdimësi përgjatë 24 orëve janë duke u kontaktuar dhe mbikëqyrë të gjitha kontaktet e rasteve, si dhe kontaktet e kontakteve duke i obliguar për vetëizolim dhe të kërkojnë ndihmë mjekësore nëse kanë simptome.
Në nivel global, nga data 31 dhjetor 2019 deri më 09 qershor 2020 sipas Worldometers, janë raportuar gjithsej 7.261.508 raste të COVID-19 dhe 410.975 raste të vdekjes.
",2020-06-09 19:55:21
"komuna e Vushtrrisë 15 raste (sipas vendbanimit: 12 raste Vushtrri, 2 raste Stanovc i epërm dhe 1 rast Dumnicë e poshtme), komuna e Prizrenit 4 raste (sipas vendbanimit: 3 raste Prizren dhe 1 rast Tupec), komuna e Prishtinës 4 raste (sipas vendbanimit: 4 raste Prishtinë), komuna e Fushë Kosovës 2 raste (sipas vendbanimit: 1 rast Miradi e poshtme dhe 1 rast Fushë Kosovë) dhe me nga 1 rast vendbanimet: Milloshevë-Obiliq, Mamushë, Mitrovicë dhe Rahovec",2020-06-08 21:02:10
"komuna e Prishtinës 10 raste (sipas vendbanimit: 10 raste Prishtinë), komuna e Vushtrrisë 8 raste (sipas vendbanimit: 6 Vushtrri, 1 Akrashticë, 1 Maxhunaj), komuna e Prizrenit 7 raste (sipas vendbanimit: 4 Tupec dhe 3 Prizren), komuna Fushë Kosovë 6 raste (sipas vendbanimit: 3 Fushë Kosovë dhe 3 Miradi e Poshtme), komuna Obiliq 5 raste (sipas vendbanimit: 5 Milloshevë), dhe me nga 1 rast komuna Skenderaj (vendbanimi: 1 Likoc), komuna Gjilan (sipas vendbanimit: 1 Gjilan), komuna e Rahovecit (sipas vendbanimit: 1 Rahovec) dhe komuna e Mitrovicës (sipas vendbanimit: 1 Mitrovicë)
Sot më 07 qershor 2020, janë shëruar 6 pacientë derisa numri i përgjithshëm i të shëruarve deri më sot është gjithsej 890 raste",2020-06-07 17:24:01
"komuna e Vushtrrisë 24 raste (sipas vendbanimit: 15 Nedakoc, 6 Vushtrri, 2 Novolan dhe 1 Reznik), komuna e Mitrovicës 6 raste (sipas vendbanimit: 6 raste Mitrovicë) dhe Fushë Kosovë 6 raste (sipas vendbanimit: 6 Miradi e Poshtme).
Sot më 06 qershor 2020, janë shëruar 8 pacientë derisa numri i përgjithshëm i të shëruarve deri më sot është gjithsej 884 raste.
Nga data 08 shkurt deri më 06 qershor 2020, në Laboratorin e Mikrobiologjisë Molekulare në IKSHPK me metodën RT-PCR, janë testuar gjithsej 16.378 persona të dyshimtë në virusin SARS-CoV-2 dhe prej tyre pozitive rezultojnë gjithsej 1.194 raste, me gjithsej 30 raste të vdekjes të cilët kanë pasur sëmundje të tjera shoqëruese.
Në IKSHPK në vazhdimësi përgjatë 24 orëve janë duke u kontaktuar dhe mbikëqyrë të gjitha kontaktet e rasteve, si dhe kontaktet e kontakteve duke i obliguar për vetëizolim dhe të kërkojnë ndihmë mjekësore nëse kanë simptome.
Në nivel global, nga data 31 dhjetor 2019 deri më 06 qershor 2020 sipas Worldometers, janë raportuar gjithsej 6,880,373 raste të COVID-19 dhe 398,754 raste të vdekjes.
TË NDERUAR QYTETARË!
DUKE QENË SE SITUATA EPIDEMIOLOGJIKE DITËT E FUNDIT PARAQET RRITJE TË RASTEVE POZITIVE DHE NUK ËSHTË STABILE NË DISA KOMUNA TË KOSOVËS, DUHET ZBATUAR REKOMANDIMMET PËR KUJDES TË SHTUAR NË KËTË FAZË, DUKE VËNË NË KONTROLLË MJEKËSORE ÇDO PERSON QË HYN NË TERRITORIN E KOSOVËS.
Që kur ka filluar lehtësimi i masave për disa aktivitete, për stafin shëndetësor angazhimi dhe përkushtimi duhet të shtohet duke pasur parasysh se tani kemi rrezik më të madh pasi që edhe kontaktet do të shtohen.
Pakujdesia e disa qytetarëve gjatë këtyre aktiviteteve, mund të shtojnë rrezikun e përhapjes së infeksionit përderisa virusi SARS-COV-2 është prezent dhe kështu mund të mbingarkohet sistemi shëndetësor me pasoja të pa parashikuara deri në shpërthim e që mund të paraqes rrezik për jetën e qytetarëve.
Bazuar në këtë, IKSHPK rekomandon që në mënyrë rigoroze të respektohen masat mbrojtëse të deritashme e në veçanti zbatimi i planit për masat lehtësuese që nënkupton vazhdimin e zbatimit të mëtutjeshëm të rekomandimeve.
Po ashtu në mënyrë strikte të respektohet distancimi fizik, përdorimi i maskave, dezinfektimi dhe ajrosja duke pamundësuar përhapjen eventuale të infeksionit dhe shmangien e përhapjes në hapësirat e mbyllura.
Të përcillet respektimi i rekomandimeve të MSH dhe IKSHPK nga inspektoratet dhe organet e rendit dhe të merren masa përgjegjësie në rast të mos zbatimit eventual të këtyre rekomandimeve.
Çdo hap përpara që bëjmë, bartë edhe rrezikun me vete derisa virusi është ende në mesin tonë.
Vazhdoni të mbani distancën fizike dhe mbajtjen e maskave!
Lani duart me kujdes disa herë në ditë nga 20-30 sekonda!
Lehtësimi i lëvizjes nuk nënkupton mosrespektimin e rekomandimeve të institutit kombëtar të shëndetësisë publike dhe ministrisë së shëndetësisë!
Lehtësimi i masave është bërë për të na bërë më të përgjegjshëm!
Ju lutem të keni kujdes sepse akoma ekziston rrezik i përhapjes në vendet ku ka grumbullim të madh të njerëzve!
Luten institucionet për mbajtjen e rendit dhe inspektoratet për angazhim të shtuar gjatë ditëve në vijim!
Ju faleminderit për mirëkupti",2020-06-06 20:35:44
"komuna e Prizrenit 4 raste (sipas vendbanimit: 2 raste Tupec dhe 2 raste Prizren), komuna e Vushtrrisë 3 raste (sipas vendbanimit: 1 rast Stanovc i epërm, 1 rast Stanovc i poshtëm dhe 1 rast Vushtrri), komuna e Prishtinës 3 raste (sipas vendbanimit: 3 raste Prishtinë) dhe 1 rast me vendbanim në Fushë Kosovë.
Sot më 05 qershor 2020, janë shëruar 2 pacientë derisa numri i përgjithshëm i të shëruarve deri më sot është gjithsej 876 raste.
Nga data 08 shkurt deri më 05 qershor 2020, në Laboratorin e Mikrobiologjisë Molekulare në IKSHPK me metodën RT-PCR, janë testuar gjithsej 16.177 persona të dyshimtë në virusin SARS-CoV-2 dhe prej tyre pozitive rezultojnë gjithsej 1.158 raste, me gjithsej 30 raste të vdekjes të cilët kanë pasur sëmundje të tjera shoqëruese.
Në IKSHPK në vazhdimësi përgjatë 24 orëve janë duke u kontaktuar dhe mbikëqyrë të gjitha kontaktet e rasteve, si dhe kontaktet e kontakteve duke i obliguar për vetëizolim dhe të kërkojnë ndihmë mjekësore nëse kanë simptome.
Në nivel global, nga data 31 dhjetor 2019 deri më 05 qershor 2020 sipas Worldometers, janë raportuar gjithsej 6.755.572 raste të COVID-19 dhe 394.874 raste të vdekje",2020-06-05 18:51:27
"komuna e Fushë Kosovës 2 raste (sipas vendbanimit: 2 raste Fushë Kosovë), komuna e Vushtrrisë 1 rast (sipas vendbanimit:1 rast Oshlan), komuna e Prizrenit 1 rast (sipas vendbanimit:1 rast Tupec) dhe 1 rast me vendbanim në Prishtinë.
Sot më 04 qershor 2020, janë shëruar 3 pacientë derisa numri i përgjithshëm i të shëruarve deri më sot është gjithsej 874 raste.
Nga data 08 shkurt deri më 04 qershor 2020, në Laboratorin e Mikrobiologjisë Molekulare në IKSHPK me metodën RT-PCR, janë testuar gjithsej 15.880 persona të dyshimtë në virusin SARS-CoV-2 dhe prej tyre pozitive rezultojnë gjithsej 1.147 raste, me gjithsej 30 raste të vdekjes të cilët kanë pasur sëmundje të tjera shoqëruese.
Në IKSHPK në vazhdimësi përgjatë 24 orëve janë duke u kontaktuar dhe mbikëqyrë të gjitha kontaktet e rasteve, si dhe kontaktet e kontakteve duke i obliguar për vetëizolim dhe të kërkojnë ndihmë mjekësore nëse kanë simptome.
Në nivel global, nga data 31 dhjetor 2019 deri më 04 qershor 2020 sipas Worldometers, janë raportuar gjithsej 6.625.777 raste të COVID-19 dhe 389.102 raste të vdekjes.
TË NDERUAR QYTETARË!
DUKE QENË SE SITUATA EPIDEMIOLOGJIKE DITËT E FUNDIT PARAQET RRITJE TË RASTEVE POZITIVE DHE NUK ËSHTË STABILE NË DISA KOMUNA TË KOSOVËS, DUHET ZBATUAR REKOMANDIMET PËR KUJDES TË SHTUAR NË KËTË FAZË, DUKE VËNË NË KONTROLLË MJEKËSORE ÇDO PERSON QË HY NË TERRITORIN E KOSOVËS.
Pakujdesia e disa qytetarëve në moszbatimin e masave mund të shtojnë rrezikun e përhapjes së infeksionit përderisa virusi SARS-COV-2 është prezent dhe kështu mund të mbingarkohet sistemi shëndetësor me pasoja të pa parashikuara deri në shpërthim e që mund të paraqes rrezik për jetën e qytetarëve.
Bazuar në këtë, IKSHPK rekomandon që në mënyrë rigoroze të respektohen masat mbrojtëse duke u respektuar në mënyrë strikte distancimi fizik, përdorimi i maskave, dezinfektimi dhe ajrosja duke pamundësuar përhapjen eventuale të infeksionit dhe shmangien e përhapjes në hapësirat e mbyllura.
Të përcillet zbatimi i rekomandimeve të MSH dhe IKSHPK nga inspektoratet dhe organet e rendit dhe të merren masa përgjegjësie për të gjithë në rast të mos zbatimit eventual të këtyre rekomandimeve.
Çdo hap përpara që bëjmë, bartë edhe rrezikun me vete derisa virusi është ende në mesin tonë.
Andaj vazhdoni të mbani distancën fizike dhe mbajtjen e maskave!
Lani duart me kujdes disa herë në ditë nga 20-30 sekonda!
Lehtësimi i lëvizjes nuk nënkupton mosrespektimin e rekomandimeve të Institutit Kombëtar të Shëndetësisë Publike dhe Ministrisë së Shëndetësisë!
Lehtësimi i masave është bërë për të na bërë më të përgjegjshëm!
Ju lutem të keni kujdes sepse akoma ekziston rrezik i përhapjes në vendet ku ka grumbullim të madh të njerëzve!
Ju faleminderit për mirëkupti",2020-06-04 19:10:38
"komuna e Vushtrrisë 14 raste (sipas vendbanimit: 5 raste Ceceli, 4 raste Vushtrri, 4 raste Mihaliq dhe 1 rast Bajskë), komuna e Podujevës 5 raste (sipas vendbanimit: 3 raste Podujevë dhe 2 raste Dobërdol ), komuna e Fushë Kosovës 5 raste (sipas vendbanimit: 5 raste Bresje) dhe komuna e Mitrovicës 3 raste (sipas vendbani mit: 2 raste Vërbnicë dhe 1 rast Shipol).
Nga data 08 shkurt deri më 01 qershor 2020, në Laboratorin e Mikrobiologjisë Molekulare në IKSHPK me metodën RT-PCR, janë testuar gjithsej 15.140 persona të dyshimtë në virusin SARS-CoV-2 dhe prej tyre pozitive rezultojnë gjithsej 1.110 raste, me gjithsej 30 raste të vdekjes të cilët kanë pasur sëmundje të tjera shoqëruese.
Në IKSHPK në vazhdimësi përgjatë 24 orëve janë duke u kontaktuar dhe mbikëqyrë të gjitha kontaktet e rasteve, si dhe kontaktet e kontakteve duke i obliguar për vetëizolim dhe të kërkojnë ndihmë mjekësore nëse kanë simptome.
Në nivel global, nga data 31 dhjetor 2019 deri më 01 qershor 2020 sipas Worldometers, janë raportuar gjithsej 6.321.045 raste të COVID-19 dhe 375.647 raste të vdekjes.
TË NDERUAR QYTETARË!
ÇDO HAP PËRPARA QË BËJMË, BARTË EDHE RREZIKUN ME VETE DERISA VIRUSI ËSHTË ENDE NË MESIN TONË.
VAZHDONI TË MBANI DISTANCËN FIZIKE DHE MBAJTJEN E MASKAVE!
LANI DUART ME KUJDES DISA HERË NË DITË NGA 20-30 sec!
LEHTËSIMI I LËVIZJES NUK NËNKUPTON MOSRESPEKTIMIN E REKOMANDIMEVE TË INSTITUTIT KOMBËTAR TË SHËNDETËSISË PUBLIKE DHE MINISTRISË SË SHËNDETËSISË!
LEHTËSIMI I MASAVE ËSHTË BËRË PËR TË NA BËRË MË TË PËRGJEGJSHËM!
JU LUTEM TË KENI KUJDES SEPSE AKOMA EKZISTON RREZIK I PËRHAPJES NË VENDET KU KA GRUMBULLIM TË MADH TË NJERËZVE!
LUTEN INSTITUCIONET PËR MBAJTJEN E RENDIT DHE INSPEKTORATET PËR ANGAZHIM TË SHTUAR GJATË DITËVE NË VIJIM!
Ju faleminderit për mirëkupti",2020-06-01 20:31:52
"komuna e Vushtrrisë 10 raste (sipas vendbanimit: 8 raste Vushtrri, 1 rast Mihaliq dhe 1 rast Ceceli), komuna e Mitrovicës 2 raste (sipas vendbanimit: 2 raste Mitrovicë) dhe 1 rast me vendbanim në Prishtinë.
Sot më 31 maj 2020, janë shëruar 2 pacientë derisa numri i përgjithshëm i të shëruarve deri më sot është gjithsej 843 raste.
Nga data 08 shkurt deri më 31 maj 2020, në Laboratorin e Mikrobiologjisë Molekulare në IKSHPK me metodën RT-PCR, janë testuar gjithsej 14.968 persona të dyshimtë në virusin SARS-CoV-2 dhe prej tyre pozitive rezultojnë gjithsej 1.083 raste, me gjithsej 30 raste të vdekjes të cilët kanë pasur sëmundje të tjera shoqëruese.
Në IKSHPK në vazhdimësi përgjatë 24 orëve janë duke u kontaktuar dhe mbikëqyrë të gjitha kontaktet e rasteve, si dhe kontaktet e kontakteve duke i obliguar për vetëizolim dhe të kërkojnë ndihmë mjekësore nëse kanë simptome.
Në nivel global, nga data 31 dhjetor 2019 deri më 31 maj 2020 sipas Worldometers, janë raportuar gjithsej 6.207.721 raste të COVID-19 dhe 372.036 raste të vdekjes.
TË NDERUAR QYTETARË!
ÇDO HAP PËRPARA QË BËJMË, BARTË EDHE RREZIKUN ME VETE DERISA VIRUSI ËSHTË ENDE NË MESIN TONË.
VAZHDONI TË MBANI DISTANCËN FIZIKE DHE MBAJTJEN E MASKAVE!
LANI DUART ME KUJDES DISA HERË NË DITË NGA 20-30 SEKONDA!
LEHTËSIMI I LËVIZJES NUK NËNKUPTON MOSRESPEKTIMIN E REKOMANDIMEVE TË INSTITUTIT KOMBËTAR TË SHËNDETËSISË PUBLIKE DHE MINISTRISË SË SHËNDETËSISË!
LEHTËSIMI I MASAVE ËSHTË BËRË PËR TË NA BËRË MË TË PËRGJEGJSHËM!
JU LUTEM TË KENI KUJDES SEPSE AKOMA EKZISTON RREZIK I PËRHAPJES NË VENDET KU KA GRUMBULLIM TË MADH TË NJERËZVE!
LUTEN INSTITUCIONET PËR MBAJTJEN E RENDIT DHE INSPEKTORATET PËR ANGAZHIM TË SHTUAR GJATË DITËVE NË VIJIM!
Ju faleminderit për mirëkupti",2020-05-31 19:57:17
"komuna e Vushtrrisë 5 raste (sipas vendbanimit: 5 raste Stanovc) dhe 1 rast me vendbanim në Llazarevë-Obiliq.
Sot më 30 maj 2020, janë shëruar 12 pacientë derisa numri i përgjithshëm i të shëruarve deri më sot është gjithsej 841 raste.
Nga data 08 shkurt deri më 30 maj 2020, në Laboratorin e Mikrobiologjisë Molekulare në IKSHPK me metodën RT-PCR, janë testuar gjithsej 14.855 persona të dyshimtë në virusin SARS-CoV-2 dhe prej tyre pozitive rezultojnë gjithsej 1.070 raste, me gjithsej 30 raste të vdekjes të cilët kanë pasur sëmundje të tjera shoqëruese.
Në IKSHPK në vazhdimësi përgjatë 24 orëve janë duke u kontaktuar dhe mbikëqyrë të gjitha kontaktet e rasteve, si dhe kontaktet e kontakteve duke i obliguar për vetëizolim dhe të kërkojnë ndihmë mjekësore nëse kanë simptome.
Në nivel global, nga data 31 dhjetor 2019 deri më 30 maj 2020 sipas Worldometers, janë raportuar gjithsej 6.089.152 raste të COVID-19 dhe 368.696 raste të vdekjes.
TË NDERUAR QYTETARË!
ÇDO HAP PËRPARA QË BËJMË, BARTË EDHE RREZIKUN ME VETE DERISA VIRUSI ËSHTË ENDE NË MESIN TONË.
VAZHDONI TË MBANI DISTANCËN FIZIKE DHE MBAJTJEN E MASKAVE!
LANI DUART ME KUJDES DISA HERË NË DITË NGA 20-30 SEKONDA!
LEHTËSIMI I LËVIZJES NUK NËNKUPTON MOSRESPEKTIMIN E REKOMANDIMEVE TË INSTITUTIT KOMBËTAR TË SHËNDETËSISË PUBLIKE DHE MINISTRISË SË SHËNDETËSISË!
LEHTËSIMI I MASAVE ËSHTË BËRË PËR TË NA BËRË MË TË PËRGJEGJSHËM!
JU LUTEM TË KENI KUJDES SEPSE AKOMA EKZISTON RREZIK I PËRHAPJES NË VENDET KU KA GRUMBULLIM TË MADH TË NJERËZVE!
LUTEN INSTITUCIONET PËR MBAJTJEN E RENDIT DHE INSPEKTORATET PËR ANGAZHIM TË SHTUAR GJATË DITËVE NË VIJIM!
Ju faleminderit për mirëkupti",2020-05-30 20:49:39
"komuna e Vushtrrisë 3 raste (sipas vendbanimit: 3 raste Stanovc) dhe 1 rast me vendbanim në Përlepnicë-Gjilan.
Sot më 28 maj 2020, janë shëruar 19 pacientë derisa numri i përgjithshëm i të shëruarve deri më sot është gjithsej 820 raste.
Nga data 08 shkurt deri më 28 maj 2020, në Laboratorin e Mikrobiologjisë Molekulare në IKSHPK me metodën RT-PCR, janë testuar gjithsej 14.324 persona të dyshimtë në virusin SARS-CoV-2 dhe prej tyre pozitive rezultojnë gjithsej 1.052 raste, me gjithsej 30 raste të vdekjes të cilët kanë pasur sëmundje të tjera shoqëruese.
Në IKSHPK në vazhdimësi përgjatë 24 orëve janë duke u kontaktuar dhe mbikëqyrë të gjitha kontaktet e rasteve, si dhe kontaktet e kontakteve duke i obliguar për vetëizolim dhe të kërkojnë ndihmë mjekësore nëse kanë simptome.
Në nivel global, nga data 31 dhjetor 2019 deri më 28 maj 2020 sipas Worldometers, janë raportuar gjithsej 5.854.248 raste të COVID-19 dhe 359.812 raste të vdekjes.
TË NDERUAR QYTETARË!
ÇDO HAP PËRPARA QË BËJMË, BARTË EDHE RREZIKUN ME VETE DERISA VIRUSI ËSHTË ENDE NË MESIN TONË.
VAZHDONI TË MBANI DISTANCËN FIZIKE DHE MBAJTJEN E MASKAVE!
LANI DUART ME KUJDES DISA HERË NË DITË NGA 20-30 SEKONDA!
LEHTËSIMI I LËVIZJES NUK NËNKUPTON MOSRESPEKTIMIN E REKOMANDIMEVE TË INSTITUTIT KOMBËTAR TË SHËNDETËSISË PUBLIKE DHE MINISTRISË SË SHËNDETËSISË!
LEHTËSIMI I MASAVE ËSHTË BËRË PËR TË NA BËRË MË TË PËRGJEGJSHËM!
JU LUTEM TË KENI KUJDES SEPSE AKOMA EKZISTON RREZIK I PËRHAPJES NË VENDET KU KA GRUMBULLIM TË MADH TË NJERËZVE!
LUTEN INSTITUCIONET PËR MBAJTJEN E RENDIT DHE INSPEKTORATET PËR ANGAZHIM TË SHTUAR GJATË DITËVE NË VIJIM!
Ju faleminderit për mirëkupti",2020-05-28 19:58:11
"komuna e Vushtrrisë 8 raste (sipas vendbanimit: 7 raste Vushtrri dhe 1 rast Bajskë) dhe 1 rast me vendbanim në Gjilan.
Sot më 26 maj 2020, janë shëruar 3 pacientë derisa numri i përgjithshëm i të shëruarve deri më sot është gjithsej 794 raste.
Nga data 08 shkurt deri më 26 maj 2020, në Laboratorin e Mikrobiologjisë Molekulare në IKSHPK me metodën RT-PCR, janë testuar gjithsej 13.725 persona të dyshimtë në virusin SARS-CoV-2 dhe prej tyre pozitive rezultojnë gjithsej 1.047 raste, me gjithsej 30 raste të vdekjes të cilët kanë pasur sëmundje të tjera shoqëruese.
Në IKSHPK në vazhdimësi përgjatë 24 orëve janë duke u kontaktuar dhe mbikëqyrë të gjitha kontaktet e rasteve, si dhe kontaktet e kontakteve duke i obliguar për vetëizolim dhe të kërkojnë ndihmë mjekësore nëse kanë simptome.
Në nivel global, nga data 31 dhjetor 2019 deri më 26 maj 2020 sipas Worldometers, janë raportuar gjithsej 5.639.951 raste të COVID-19 dhe 349.392 raste të vdekjes.
QYTETARË TË NDERUAR!
JU LUTEMI TË RESPEKTONI MASAT E SHPALLURA TË PARANDALIMIT NGA INSTITUTI KOMBËTAR DHE MINISTRIA E SHËNDETËSISË!
RUAJENI SHËNDETIN TUAJ!
PAKUJDESIA KUSHTON ME JETË!
AKOMA NUK KA KALUAR RREZIKU, ANDAJ
QËNDRONI NË SHTËPI, KJO UA SHPËTON JETËN!
MBANI DISTANCË FIZIKE PËR SË PAKU 2 METRA!
NA NDIHMONI PAK QË TË JU NDIHMOJMË SHUMË!
Ju faleminderit për mirëkupti",2020-05-26 20:45:58
"komuna e Prizrenit 3 raste (sipas vendbanimit:1 rast Gërnçar, 1 rast Jabllanicë dhe 1 rast Prizren), komuna e Vushtrrisë 3 raste (sipas vendbanimit: 3 raste Vushtrri) dhe 1 rast me vendbanim në Prishtinë.
Sot më 23 maj 2020, janë shëruar 3 pacientë derisa numri i përgjithshëm i të shëruarve deri më sot është gjithsej 785 raste.
Nga data 08 shkurt deri më 23 maj 2020, në Laboratorin e Mikrobiologjisë Molekulare në IKSHPK me metodën RT-PCR, janë testuar gjithsej 13.124 persona të dyshimtë në virusin SARS-CoV-2 dhe prej tyre pozitive rezultojnë gjithsej 1.032 raste, me gjithsej 29 raste të vdekjes të cilët kanë pasur sëmundje të tjera shoqëruese.
Në IKSHPK në vazhdimësi përgjatë 24 orëve janë duke u kontaktuar dhe mbikëqyrë të gjitha kontaktet e rasteve, si dhe kontaktet e kontakteve duke i obliguar për vetëizolim dhe të kërkojnë ndihmë mjekësore nëse kanë simptome.
Në nivel global, nga data 31 dhjetor 2019 deri më 23 maj 2020 sipas Worldometers, janë raportuar gjithsej 5.378.403 raste të COVID-19 dhe 342.840 raste të vdekjes.
QYTETARË TË NDERUAR!
JU LUTEMI TË RESPEKTONI MASAT E SHPALLURA TË PARANDALIMIT NGA INSTITUTI KOMBËTAR DHE MINISTRIA E SHËNDETËSISË!
RUAJENI SHËNDETIN TUAJ!
PAKUJDESIA KUSHTON ME JETË!
AKOMA NUK KA KALUAR RREZIKU, ANDAJ
QËNDRONI NË SHTËPI, KJO UA SHPËTON JETËN!
MBANI DISTANCË FIZIKE PËR SË PAKU 2 METRA!
NA NDIHMONI PAK QË TË JU NDIHMOJMË SHUMË!
Ju faleminderit për mirëkupti",2020-05-23 22:39:43
"komuna e Prizrenit 19 raste (sipas vendbanimit:16 raste Prizren, 1 rast Romajë, 1 rast Lubiçevë dhe 1 rast Nashec) dhe nga komuna e Suharekës 2 raste (sipas vendbanimit:1 rast Bllacë dhe 1 rast Suharekë).
Sot më 22 maj 2020, janë shëruar 10 pacientë derisa numri i përgjithshëm i të shëruarve deri më sot është gjithsej 782 raste.
Nga data 08 shkurt deri më 22 maj 2020, në Laboratorin e Mikrobiologjisë Molekulare në IKSHPK me metodën RT-PCR, janë testuar gjithsej 12.818 persona të dyshimtë në virusin SARS-CoV-2 dhe prej tyre pozitive rezultojnë gjithsej 1.025 raste, me gjithsej 29 raste të vdekjes të cilët kanë pasur sëmundje të tjera shoqëruese.
Në IKSHPK në vazhdimësi përgjatë 24 orëve janë duke u kontaktuar dhe mbikëqyrë të gjitha kontaktet e rasteve, si dhe kontaktet e kontakteve duke i obliguar për vetëizolim dhe të kërkojnë ndihmë mjekësore nëse kanë simptome.
Në nivel global, nga data 31 dhjetor 2019 deri më 22 maj 2020 sipas Worldometers, janë raportuar gjithsej 5.263.085 raste të COVID-19 dhe 337.813 raste të vdekjes.
QYTETARË TË NDERUAR!
JU LUTEMI TË RESPEKTONI MASAT E SHPALLURA TË PARANDALIMIT NGA INSTITUTI KOMBËTAR DHE MINISTRIA E SHËNDETËSISË!
RUAJENI SHËNDETIN TUAJ!
PAKUJDESIA KUSHTON ME JETË!
AKOMA NUK KA KALUAR RREZIKU, ANDAJ
QËNDRONI NË SHTËPI, KJO UA SHPËTON JETËN!
MBANI DISTANCË FIZIKE PËR SË PAKU 2 METRA!
NA NDIHMONI PAK QË TË JU NDIHMOJMË SHUMË!
Ju faleminderit për mirëkupti",2020-05-22 21:12:20
"komuna e Vushtrrisë 1 rast (sipas vendbanimit:1 rast Vushtrri).
Nga data 08 shkurt deri më 21 maj 2020, në Laboratorin e Mikrobiologjisë Molekulare në IKSHPK me metodën RT-PCR, janë testuar gjithsej 12.551 persona të dyshimtë në virusin SARS-CoV-2 dhe prej tyre pozitive rezultojnë gjithsej 1.004 raste, me gjithsej 29 raste të vdekjes të cilët kanë pasur sëmundje të tjera shoqëruese.
Në IKSHPK në vazhdimësi përgjatë 24 orëve janë duke u kontaktuar dhe mbikëqyrë të gjitha kontaktet e rasteve, si dhe kontaktet e kontakteve duke i obliguar për vetëizolim dhe të kërkojnë ndihmë mjekësore nëse kanë simptome.
Në nivel global, nga data 31 dhjetor 2019 deri më 21 maj 2020 sipas Worldometers, janë raportuar gjithsej 5.136.795 raste të COVID-19 dhe 331.496 raste të vdekjes.
QYTETARË TË NDERUAR!
JU LUTEMI TË RESPEKTONI MASAT E SHPALLURA TË PARANDALIMIT NGA INSTITUTI KOMBËTAR DHE MINISTRIA E SHËNDETËSISË!
RUAJENI SHËNDETIN TUAJ!
PAKUJDESIA KUSHTON ME JETË!
AKOMA NUK KA KALUAR RREZIKU, ANDAJ
QËNDRONI NË SHTËPI, KJO UA SHPËTON JETËN!
MBANI DISTANCË FIZIKE PËR SË PAKU 2 METRA!
NA NDIHMONI PAK QË TË JU NDIHMOJMË SHUMË!
Ju faleminderit për mirëkupti",2020-05-21 20:40:13
"komuna e Rahovecit 1 rast (sipas vendbanimit: 1 rast Rahovec).
Sot më 19 maj 2020, janë shëruar 15 pacientë derisa numri i përgjithshëm i të shëruarve deri më sot është gjithsej 769 raste.
Nga data 08 shkurt deri më 19 maj 2020, në Laboratorin e Mikrobiologjisë Molekulare në IKSHPK me metodën RT-PCR, janë testuar gjithsej 12.198 persona të dyshimtë në virusin SARS-CoV-2 dhe prej tyre pozitive rezultojnë gjithsej 989 raste, me gjithsej 29 raste të vdekjes të cilët kanë pasur sëmundje të tjera shoqëruese.
Në IKSHPK në vazhdimësi përgjatë 24 orëve janë duke u kontaktuar dhe mbikëqyrë të gjitha kontaktet e rasteve, si dhe kontaktet e kontakteve duke i obliguar për vetëizolim dhe të kërkojnë ndihmë mjekësore nëse kanë simptome.
Në nivel global, nga data 31 dhjetor 2019 deri më 19 maj 2020 sipas Worldometers, janë raportuar gjithsej 4.952.228 raste të COVID-19 dhe 323.009 raste të vdekjes.
QYTETARË TË NDERUAR!
JU LUTEMI TË RESPEKTONI MASAT E SHPALLURA TË PARANDALIMIT NGA INSTITUTI KOMBËTAR DHE MINISTRIA E SHËNDETËSISË!
RUAJENI SHËNDETIN TUAJ!PAKUJDESIA KUSHTON ME JETË!
AKOMA NUK KA KALUAR RREZIKU, ANDAJ
QËNDRONI NË SHTËPI, KJO UA SHPËTON JETËN!
MBANI DISTANCË FIZIKE PËR SË PAKU 2 METRA!
NA NDIHMONI PAK QË TË JU NDIHMOJMË SHUMË!
Ju faleminderit për mirëkupti",2020-05-19 20:30:58
"komuna e Prishtinës 3 raste (sipas vendbanimit: 3 raste Prishtinë).
Sot më 18 maj 2020, janë shëruar 18 pacientë derisa numri i përgjithshëm i të shëruarve deri më sot është gjithsej 754 raste.
Nga data 08 shkurt deri më 18 maj 2020, gjithsej 11.987 persona të dyshimtë në virusin SARS-CoV-2 dhe prej tyre pozitive rezultojnë gjithsej 988 raste, me gjithsej 29 raste të vdekjes të cilët kanë pasur sëmundje të tjera shoqëruese.
Në IKSHPK në vazhdimësi përgjatë 24 orëve janë duke u kontaktuar dhe mbikëqyrë të gjitha kontaktet e rasteve, si dhe kontaktet e kontakteve duke i obliguar për vetëizolim dhe të kërkojnë ndihmë mjekësore nëse kanë simptome.
Në nivel global, nga data 31 dhjetor 2019 deri më 18 maj 2020 sipas Worldometers, janë raportuar gjithsej 4.841.034 raste të COVID-19 dhe 317.371 raste të vdekjes.
QYTETARË TË NDERUAR!
JU LUTEMI TË RESPEKTONI MASAT E SHPALLURA TË PARANDALIMIT NGA INSTITUTI KOMBËTAR DHE MINISTRIA E SHËNDETËSISË!
RUAJENI SHËNDETIN TUAJ!PAKUJDESIA KUSHTON ME JETË!
AKOMA NUK KA KALUAR RREZIKU, ANDAJ
QËNDRONI NË SHTËPI, KJO UA SHPËTON JETËN!
MBANI DISTANCË FIZIKE PËR SË PAKU 2 METRA!
NA NDIHMONI PAK QË TË JU NDIHMOJMË SHUMË!
Ju faleminderit për mirëkupti",2020-05-18 20:03:29
"komuna e Ferizajit 5 raste (sipas vendbanimit: 4 raste Ferizaj dhe 1 rast Balaj) dhe me nga 1 rast vendbanimet: Gjilan dhe Prishtinë.
Sot më 17 maj 2020, janë shëruar edhe 23 pacientë derisa numri i përgjithshëm i të shëruarve deri më sot është gjithsej 736 raste.
Nga data 08 shkurt deri më 17 maj 2020, në Laboratorin e Mikrobiologjisë Molekulare në IKSHPK me metodën RT-PCR, janë testuar gjithsej 11.787 mostra të dyshimta në virusin SARS-CoV-2 dhe prej tyre pozitive rezultojnë gjithsej 985 raste, me gjithsej 29 raste të vdekjes të cilët kanë pasur sëmundje të tjera shoqëruese.
Në IKSHPK në vazhdimësi përgjatë 24 orëve janë duke u kontaktuar dhe mbikëqyrë të gjitha kontaktet e rasteve, si dhe kontaktet e kontakteve duke i obliguar për vetëizolim dhe të kërkojnë ndihmë mjekësore nëse kanë simptome.
Në nivel global, nga data 31 dhjetor 2019 deri më 17 maj 2020 sipas Worldometers, janë raportuar gjithsej 4.770.160 raste të COVID-19 dhe 314.530 raste të vdekjes.
QYTETARË TË NDERUAR!
JU LUTEMI TË RESPEKTONI MASAT E SHPALLURA TË PARANDALIMIT NGA INSTITUTI KOMBËTAR DHE MINISTRIA E SHËNDETËSISË!
RUAJENI SHËNDETIN TUAJ!PAKUJDESIA KUSHTON ME JETË!
AKOMA NUK KA KALUAR RREZIKU, ANDAJ
QËNDRONI NË SHTËPI, KJO UA SHPËTON JETËN!
MBANI DISTANCË FIZIKE PËR SË PAKU 2 METRA!
NA NDIHMONI PAK QË TË JU NDIHMOJMË SHUMË!
Ju faleminderit për mirëkupti",2020-05-17 19:37:35
"komuna e Vushtrrisë 4 raste (sipas vendbanimit: 4 raste Vushtrri), komuna e Ferizajit 4 raste (sipas vendbanimit: 3 raste Ferizaj dhe 1 rast Rahovicë) dhe me nga 1 rast vendbanimet: Prishtinë dhe Randobravë-Prizren.
Sot më 15 maj 2020, është shëruar edhe 1 pacient derisa numri i përgjithshëm i të shëruarve deri më sot është gjithsej 691 raste.
Nga data 08 shkurt deri më 15 maj 2020, në Laboratorin e Mikrobiologjisë Molekulare në IKSHPK me metodën RT-PCR, janë testuar gjithsej 11.178 mostra të dyshimta në virusin SARS-CoV-2 dhe prej tyre pozitive rezultojnë gjithsej 955 raste, me gjithsej 29 raste të vdekjes të cilët kanë pasur sëmundje të tjera shoqëruese.
Në IKSHPK në vazhdimësi përgjatë 24 orëve janë duke u kontaktuar dhe mbikëqyrë të gjitha kontaktet e rasteve, si dhe kontaktet e kontakteve duke i obliguar për vetëizolim dhe të kërkojnë ndihmë mjekësore nëse kanë simptome.
Në nivel global, nga data 31 dhjetor 2019 deri më 15 maj 2020 sipas Worldometers, janë raportuar gjithsej 4.588.873 raste të COVID-19 dhe 306.185 raste të vdekjes.
QYTETARË TË NDERUAR!
JU LUTEMI TË RESPEKTONI MASAT E SHPALLURA TË PARANDALIMIT NGA INSTITUTI KOMBËTAR DHE MINISTRIA E SHËNDETËSISË!
RUAJENI SHËNDETIN TUAJ!PAKUJDESIA KUSHTON ME JETË!
AKOMA NUK KA KALUAR RREZIKU, ANDAJ
QËNDRONI NË SHTËPI, KJO UA SHPËTON JETËN!
MBANI DISTANCË FIZIKE PËR SË PAKU 2 METRA!
NA NDIHMONI PAK QË TË JU NDIHMOJMË SHUMË!
Ju faleminderit për mirëkupti",2020-05-15 22:19:33
"komuna e Ferizajit 9 raste (sipas vendbanimit: 6 raste Talinoc i jerlive dhe 3 raste Rahovicë), komuna e Gjilanit 6 raste (sipas vendbanimit: 4 raste Gjilan dhe 2 raste Përlepnicë) dhe komuna e Vushtrrisë 3 raste (sipas vendbanimit: 3 raste Vushtrri).
Sot më 14 maj 2020, janë shëruar edhe 19 pacientë derisa numri i përgjithshëm i të shëruarve deri më sot është gjithsej 690 raste.
Nga data 08 shkurt deri më 14 maj 2020, në Laboratorin e Mikrobiologjisë Molekulare në IKSHPK me metodën RT-PCR, janë testuar gjithsej 10.942 mostra të dyshimta në virusin SARS-CoV-2 dhe prej tyre pozitive rezultojnë gjithsej 945 raste, me gjithsej 29 raste të vdekjes të cilët kanë pasur sëmundje të tjera shoqëruese.
Në IKSHPK në vazhdimësi përgjatë 24 orëve janë duke u kontaktuar dhe mbikëqyrë të gjitha kontaktet e rasteve, si dhe kontaktet e kontakteve duke i obliguar për vetëizolim dhe të kërkojnë ndihmë mjekësore nëse kanë simptome.
Në nivel global, nga data 31 dhjetor 2019 deri më 14 maj 2020 sipas Worldometers, janë raportuar gjithsej 4.487.842 raste të COVID-19 dhe 300.759 raste të vdekjes.
QYTETARË TË NDERUAR!
JU LUTEMI TË RESPEKTONI MASAT E SHPALLURA TË PARANDALIMIT NGA INSTITUTI KOMBËTAR DHE MINISTRIA E SHËNDETËSISË!
RUAJENI SHËNDETIN TUAJ!PAKUJDESIA KUSHTON ME JETË!
AKOMA NUK KA KALUAR RREZIKU, ANDAJ
QËNDRONI NË SHTËPI, KJO UA SHPËTON JETËN!
MBANI DISTANCË FIZIKE PËR SË PAKU 2 METRA!
NA NDIHMONI PAK QË TË JU NDIHMOJMË SHUMË!
Ju faleminderit për mirëkupti",2020-05-14 20:29:31
"komuna e Rahovecit 4 raste (sipas vendbanimit: 4 raste Rahovec), komuna e Mitrovicës 2 raste (sipas vendbanimit: 2 raste Mitrovicë) dhe komuna e Vushtrrisë 2 raste (sipas vendbanimit: 2 raste Vushtrri).
Nga data 08 shkurt deri më 13 maj 2020, në Laboratorin e Mikrobiologjisë Molekulare në IKSHPK me metodën RT-PCR, janë testuar gjithsej 10.642 mostra të dyshimta në virusin SARS-CoV-2 dhe prej tyre pozitive rezultojnë gjithsej 927 raste, me gjithsej 29 raste të vdekjes të cilët kanë pasur sëmundje të tjera shoqëruese.
Në IKSHPK në vazhdimësi përgjatë 24 orëve janë duke u kontaktuar dhe mbikëqyrë të gjitha kontaktet e rasteve, si dhe kontaktet e kontakteve duke i obliguar për vetëizolim dhe të kërkojnë ndihmë mjekësore nëse kanë simptome.
Në nivel global, nga data 31 dhjetor 2019 deri më 13 maj 2020 sipas Worldometers, janë raportuar gjithsej 4.394.660 raste të COVID-19 dhe 295.706 raste të vdekjes.
QYTETARË TË NDERUAR!
JU LUTEMI TË RESPEKTONI MASAT E SHPALLURA TË PARANDALIMIT NGA INSTITUTI KOMBËTAR DHE MINISTRIA E SHËNDETËSISË!
RUAJENI SHËNDETIN TUAJ!PAKUJDESIA KUSHTON ME JETË!
AKOMA NUK KA KALUAR RREZIKU, ANDAJ
QËNDRONI NË SHTËPI, KJO UA SHPËTON JETËN!
MBANI DISTANCË FIZIKE PËR SË PAKU 2 METRA!
NA NDIHMONI PAK QË TË JU NDIHMOJMË SHUMË!
Ju faleminderit për mirëkupti",2020-05-13 20:12:51
"komuna e Vushtrrisë 5 raste (sipas vendbanimit: 5 raste Studime e epërme), komuna e Prizrenit 3 raste (sipas vendbanimit: 3 raste Prizren), komuna e Prishtinës 2 raste (sipas vendbanimit: 2 raste Prishtinë) dhe 1 rast me vendbanim në Ferizaj.
Sot më 11 maj 2020, janë shëruar edhe 2 pacientë derisa numri i përgjithshëm i të shëruarve deri më sot është gjithsej 657 raste.
Nga data 08 shkurt deri më 11 maj 2020, në Laboratorin e Mikrobiologjisë Molekulare në IKSHPK me metodën RT-PCR, janë testuar gjithsej 10.130 mostra të dyshimta në virusin SARS-CoV-2 dhe prej tyre pozitive rezultojnë gjithsej 895 raste, me gjithsej 28 raste të vdekjes të cilët kanë pasur sëmundje të tjera shoqëruese.
Në IKSHPK në vazhdimësi përgjatë 24 orëve janë duke u kontaktuar dhe mbikëqyrë të gjitha kontaktet e rasteve, si dhe kontaktet e kontakteve duke i obliguar për vetëizolim dhe të kërkojnë ndihmë mjekësore nëse kanë simptome.
Në nivel global, nga data 31 dhjetor 2019 deri më 11 maj 2020 sipas Worldometers, janë raportuar gjithsej 4.236.625 raste të COVID-19 dhe 286.006 raste të vdekjes.
QYTETARË TË NDERUAR!
JU LUTEMI TË RESPEKTONI MASAT E SHPALLURA TË PARANDALIMIT NGA INSTITUTI KOMBËTAR DHE MINISTRIA E SHËNDETËSISË!
RUAJENI SHËNDETIN TUAJ!PAKUJDESIA KUSHTON ME JETË!
AKOMA NUK KA KALUAR RREZIKU, ANDAJ:
QËNDRONI NË SHTËPI, KJO UA SHPËTON JETËN!
MBANI DISTANCË FIZIKE PËR SË PAKU 2 METRA!
NA NDIHMONI PAK QË TË JU NDIHMOJMË SHUMË!
Ju faleminderit për mirëkupti",2020-05-11 22:12:15
"komuna e Prishtinës 3 raste (sipas vendbanimit: 3 raste Prishtinë), komuna e Mitrovicës 2 raste (sipas vendbanimit: 2 raste Mitrovicë) dhe me nga 1 rast vendbanimet: Llazarevë- Obiliq, Fushë Kosovë dhe Gjilan.
Sot më 09 maj 2020, janë shëruar 31 pacientë, derisa numri i përgjithshëm i të shëruarve deri më sot është gjithsej 653 raste.
Nga data 08 shkurt deri më 09 maj 2020, në Laboratorin e Mikrobiologjisë Molekulare në IKSHPK me metodën RT-PCR, janë testuar gjithsej 9.734 mostra të dyshimta në virusin SARS-CoV-2 dhe prej tyre pozitive rezultojnë 870 raste, me 28 raste të vdekjes të cilët kanë pasur sëmundje të tjera shoqëruese.
Në IKSHPK në vazhdimësi përgjatë 24 orëve janë duke u kontaktuar dhe mbikëqyrë të gjitha kontaktet e rasteve, si dhe kontaktet e kontakteve duke i obliguar për vetëizolim dhe të kërkojnë ndihmë mjekësore nëse kanë simptome.
Në nivel global, nga data 31 dhjetor 2019 deri më 09 maj 2020 sipas Worldometers, janë raportuar gjithsej 4.077.955 raste të COVID-19 dhe 279.071 raste të vdekjes.
QYTETARË TË NDERUAR!
JU LUTEMI TË RESPEKTONI MASAT E SHPALLURA TË PARANDALIMIT NGA INSTITUTI KOMBËTAR DHE MINISTRIA E SHËNDETËSISË!
RUAJENI SHËNDETIN TUAJ!PAKUJDESIA KUSHTON ME JETË!
AKOMA NUK KA KALUAR RREZIKU, ANDAJ
QËNDRONI NË SHTËPI, KJO UA SHPËTON JETËN!
MBANI DISTANCË FIZIKE PËR SË PAKU 2 METRA!
NA NDIHMONI PAK QË TË JU NDIHMOJMË SHUMË!
Ju faleminderit për mirëkupti",2020-05-09 22:25:11
"komuna e Prishtinës 1 rast (sipas vendbanimit: 1 rast Prishtinë).
Sot më 08 maj 2020, janë shëruar 61 pacientë. Numri i përgjithshëm i të shëruarve deri më sot 622 raste.
Më datë 08 maj 2020, nga Klinika Infektive është raportuar edhe një rast i vdekjes, i gjinisë mashkull me moshë 77 vjeç nga Rahoveci, i konfirmuar me COVID-19 me datë 28.04.2020. Pacienti është hospitalizuar në Klinikën Infektive dhe trajtuar nga data 27 prill 2020 dhe sëmundje shoqëruese: Insuficiencë renale terminale, Hemodializë të rregullt.
Nga data 08 shkurt deri më 07 maj 2020, në Laboratorin e Mikrobiologjisë Molekulare në IKSHPK me metodën RT-PCR, janë testuar gjithsej 9.557 mostra të dyshimta në virusin SARS-CoV-2 dhe prej tyre pozitive rezultojnë gjithsej 862 raste, me gjithsej 28 raste të vdekjes të cilët kanë pasur sëmundje të tjera shoqëruese.
Në IKSHPK në vazhdimësi përgjatë 24 orëve janë duke u kontaktuar dhe mbikëqyrë të gjitha kontaktet e rasteve, si dhe kontaktet e kontakteve duke i obliguar për vetëizolim dhe të kërkojnë ndihmë mjekësore nëse kanë simptome.
Në nivel global, nga data 31 dhjetor 2019 deri më 08 maj 2020 sipas Worldometers, janë raportuar gjithsej 3.997.103 raste të COVID-19 dhe 275.075 raste të vdekjes.
QYTETARË TË NDERUAR!
JU LUTEMI TË RESPEKTONI MASAT E SHPALLURA TË PARANDALIMIT NGA INSTITUTI KOMBËTAR DHE MINISTRIA E SHËNDETËSISË!
RUAJENI SHËNDETIN TUAJ!PAKUJDESIA KUSHTON ME JETË!
AKOMA NUK KA KALUAR RREZIKU, ANDAJ
QËNDRONI NË SHTËPI, KJO UA SHPËTON JETËN!
MBANI DISTANCË FIZIKE PËR SË PAKU 2 METRA!
NA NDIHMONI PAK QË TË JU NDIHMOJMË SHUMË!
Ju faleminderit për mirëkupti",2020-05-08 23:07:17
"komuna e Kamenicës 1 rast (sipas vendbanimit: 1 rast Poliçkë).
Sot më 07 maj 2020, janë shëruar 28 pacientë, bazuar në rekomandimet e OBSH-së ku dy mostra rezultojnë negative me së paku një ditë distancë kohore. Numri i përgjithshëm i të shëruarve deri më sot është gjithsej 561 raste.
Më datë 07 maj 2020, nga Klinika Infektive është raportuar edhe një rast i vdekjes, e gjinisë femër me moshë 63 vjeç nga Plavë-Dragash, e konfirmuar me COVID-19 me datë 24.04.2020. Pacientja është transferuar në Klinikën Infektive nga Spitali i përgjithshëm i Prizrenit në gjendje të rënduar me 26 prill 2020 me Inflitrim pulmonar bilateral dhe sëmundje shoqëruese: Insuficiencë renale terminale, Hemodializë të rregullt, Diabetes melitus.
Nga data 08 shkurt deri më 07 maj 2020, në Laboratorin e Mikrobiologjisë Molekulare në IKSHPK me metodën RT-PCR, janë testuar gjithsej 9.314 mostra të dyshimta në virusin SARS-CoV-2 dhe prej tyre pozitive rezultojnë gjithsej 861 raste, me 27 raste të vdekjes të cilët kanë pasur sëmundje të tjera shoqëruese.
Në IKSHPK në vazhdimësi përgjatë 24 orëve janë duke u kontaktuar dhe mbikëqyrë të gjitha kontaktet e rasteve, si dhe kontaktet e kontakteve duke i obliguar për vetëizolim dhe të kërkojnë ndihmë mjekësore nëse kanë simptome.
Në nivel global, nga data 31 dhjetor 2019 deri më 07 maj 2020 sipas Worldometers, janë raportuar gjithsej 3.874.350 raste të COVID-19 dhe 267.921 raste të vdekjes.
QYTETARË TË NDERUAR!
JU LUTEMI TË RESPEKTONI MASAT E SHPALLURA TË PARANDALIMIT NGA INSTITUTI KOMBËTAR DHE MINISTRIA E SHËNDETËSISË!
RUAJENI SHËNDETIN TUAJ!PAKUJDESIA KUSHTON ME JETË!
AKOMA NUK KA KALUAR RREZIKU, ANDAJ
QËNDRONI NË SHTËPI, KJO UA SHPËTON JETËN!
MBANI DISTANCË FIZIKE PËR SË PAKU 2 METRA!
NA NDIHMONI PAK QË TË JU NDIHMOJMË SHUMË!
Ju faleminderit për mirëkupti",2020-05-07 20:02:35
"komuna e Prizrenit 2 raste (sipas vendbanimit: 1 rast Prizren, 1 rast Zhur), një 1 rast me vendbanim në Rahovec dhe një 1 rast Leposaviq.
Sot më 06 maj 2020, janë shëruar 43 pacientë. Numri i përgjithshëm i të shëruarve deri më sot është gjithsej 533 raste.
Nga data 08 shkurt deri më 06 maj 2020 janë testuar gjithsej 9.085 mostra të dyshimta në virusin SARS-CoV-2, prej tyre pozitive rezultojnë gjithsej 860 raste, me gjithsej 26 raste të vdekjes të cilët kanë pasur sëmundje të tjera shoqëruese.
Në IKSHPK në vazhdimësi përgjatë 24 orëve janë duke u kontaktuar dhe mbikëqyrë të gjitha kontaktet e rasteve, si dhe kontaktet e kontakteve duke i obliguar për vetëizolim dhe të kërkojnë ndihmë mjekësore nëse kanë simptome.
Në nivel global, nga data 31 dhjetor 2019 deri më 06 maj 2020 sipas Worldometers, janë raportuar gjithsej 3.788.005 raste të COVID-19 dhe 261.901 raste të vdekjes.
QYTETARË TË NDERUAR!
JU LUTEMI TË RESPEKTONI MASAT E SHPALLURA TË PARANDALIMIT NGA INSTITUTI KOMBËTAR DHE MINISTRIA E SHËNDETËSISË!
JU LUTEMI PËR KUJDES! RUAJENI SHËNDETIN TUAJ!
PAKUJDESIA KUSHTON ME JETË!
AKOMA NUK KA KALUAR RREZIKU, ANDAJ:
QËNDRONI NË SHTËPI, KJO UA SHPËTON JETËN!
MBANI DISTANCË FIZIKE PËR SË PAKU 2 METRA!
NA NDIHMONI PAK QË TË JU NDIHMOJMË SHUMË!
Ju faleminderit për mirëkupti",2020-05-06 20:47:43
"komuna e Mitrovicës 1 rast (sipas vendbanimit: 1 rast Rekë).
Sot më 05 maj 2020, janë shëruar 87 pacientë. Numri i përgjithshëm i të shëruarve deri më sot është 490 raste.
Nga data 08 shkurt deri më 05 maj 2020, në Laboratorin e Mikrobiologjisë Molekulare në IKSHPK me metodën RT-PCR, janë testuar gjithsej 8.761 mostra të dyshimta në virusin SARS-CoV-2 dhe prej tyre pozitive rezultojnë gjithsej 856 raste, me gjithsej 26 raste të vdekjes të cilët kanë pasur sëmundje të tjera shoqëruese.
Në IKSHPK në vazhdimësi përgjatë 24 orëve janë duke u kontaktuar dhe mbikëqyrë të gjitha kontaktet e rasteve, si dhe kontaktet e kontakteve duke i obliguar për vetëizolim dhe të kërkojnë ndihmë mjekësore nëse kanë simptome.
Në nivel global, nga data 31 dhjetor 2019 deri më 05 maj 2020 sipas Worldometers, janë raportuar gjithsej 3.694.087 raste të COVID-19 dhe 255.597 raste të vdekjes.
QYTETARË TË NDERUAR!
JU LUTEMI TË RESPEKTONI MASAT E SHPALLURA TË PARANDALIMIT NGA INSTITUTI KOMBËTAR DHE MINISTRIA E SHËNDETËSISË!
RUAJENI SHËNDETIN TUAJ!
PAKUJDESIA KUSHTON ME JETË!
AKOMA NUK KA KALUAR RREZIKU, ANDAJ NUK ËSHTË KOHA TË RELAKSOHEMI!
NA NDIHMONI SI DERI MË TANI! DUKE RESPEKTUAR RREGULLAT!
QËNDRONI NË SHTËPI, KJO UA SHPËTON JETËN!
MBANI DISTANCË FIZIKE PËR SË PAKU 2 METRA!
NA NDIHMONI PAK QË TË JU NDIHMOJMË SHUMË!
Ju faleminderit për mirëkupti",2020-05-05 20:23:33
"komuna e Mitrovicës së Jugut 5 raste (sipas vendbanimit: 5 raste Rekë) nga komuna e Prizrenit 3 raste (sipas vendbanimit: 3 raste Prizren), Leposaviq 3 raste (sipas vendbanimit: Leposaviq 2 raste, Leshak 1).
Gjatë javës së fundit (26 prill deri më 02 maj 2020) janë raportuar rastet pozitive, të shëruara dhe rastet e vdekjes sipas të gjitha komunave në Republikën e Kosovës: Ferizaj (46 raste të shëruara), Malishevë (3 raste pozitive dhe 3 të shëruar), Prizren (25 raste pozitive dhe 14 të shëruar), Pejë (24 raste pozitive dhe 1 rast i vdekjes), Prishtinë (1 rast pozitiv dhe 29 të shëruar), Viti (4 raste pozitive dhe 16 të shëruar), Gjilan (5 raste të shëruara dhe 1 rast i vdekjes), Kamenicë (5 raste pozitive dhe 9 të shëruar), Suharekë (3 raste pozitive dhe 9 të shëruar), Mitrovicë e veriut (8 raste pozitive, 8 të shëruar dhe 1 rast i vdekjes), Vushtrri (15 raste të shëruara), Zveçan (3 raste pozitive dhe 7 të shëruar), Rahovec (5 raste pozitive dhe 1 i shëruar), Zubin Potok (2 raste pozitive, 9 të shëruar dhe 1 rast i vdekjes), Shtime (2 raste pozitive), Gjakovë (4 të shëruar), Leposaviq (4 raste pozitive, 3 të shëruar dhe 1 rast i vdekjes), Podujevë (2 raste pozitive dhe 1 i shëruar), Fushë Kosovë (3 raste të shëruara), Hani i Elezit (6 të shëruar), Kaçanik (5 raste pozitive), Skenderaj (5 raste të shëruar), Klinë (1 rast i shëruar), Deçan (2 raste pozitive dhe 1 i shëruar), Dragash (1 rast pozitiv) dhe Mitrovicë (6 raste pozitive).
Raportimi javor prej 26.04-02.05.2020 nga komunat Mitrovicë e veriut, Zubin Potok, Zveçan dhe Leposaviq sipas datave respektive i kemi këto rezultate:
26 prill nga 40 të testuar 1 pozitiv, 3 të shëruar dhe 1 i vdekur,
27 prill nga 36 të testuar 5 pozitiv, 4 të shëruar dhe 2 të vdekur
28 prill nga 22 të testuar 2 pozitiv, 4 të shëruar.
29 prill nga 40 të testuar 1 pozitiv, 4 të shëruar.
30 prill nga 37 të testuar 5 pozitiv, 4 të shëruar.
01 maj nga 32 të testuar 2 pozitiv, 4 të shëruar.
02 maj nga 34 të testuar 1 pozitiv, 4 të shëruar.
Sot më 03 maj 2020, janë shëruar gjithsej 18 pacientë me numrin total të shëruarve deri më sot gjithsej 381 raste.
Nga data 08 shkurt deri më 03 maj 2020, janë testuar gjithsej 8.287 mostra të dyshimta në virusin SARS-CoV-2 dhe prej tyre pozitive rezultojnë 851 raste, me gjithsej 25 raste të vdekjes.
Në IKSHPK në vazhdimësi përgjatë 24 orëve janë duke u kontaktuar dhe mbikëqyrë të gjitha kontaktet e rasteve, si dhe kontaktet e kontakteve duke i obliguar për vetëizolim dhe të kërkojnë ndihmë mjekësore nëse kanë simptome.
Në nivel global, nga data 31 dhjetor 2019 deri më 03 maj 2020 sipas Worldometers, janë raportuar gjithsej 3.537.173 raste të COVID-19 dhe 246.950 raste të vdekjes.
QYTETARË TË NDERUAR!
JU LUTEMI TË RESPEKTONI MASAT E SHPALLURA TË PARANDALIMIT NGA INSTITUTI KOMBËTAR DHE MINISTRIA E SHËNDETËSISË!
RUAJENI SHËNDETIN TUAJ!PAKUJDESIA KUSHTON ME JETË!
AKOMA NUK KA KALUAR RREZIKU, ANDAJ
QËNDRONI NË SHTËPI, KJO UA SHPËTON JETËN!
MBANI DISTANCË FIZIKE PËR SË PAKU 2 METRA!
NA NDIHMONI PAK QË TË JU NDIHMOJMË SHUMË!
Ju faleminderit për mirëkupti",2020-05-03 21:00:01
"komuna e Prizrenit dhe një (1) rast nga komuna e Suharekës.
Sot më 01 maj 2020, janë shëruar edhe njëzet e shtatë (27) pacientë, bazuar në rekomandimet e OBSH-së ku dy mostra rezultojnë negative me së paku një ditë distancë kohore. Numri i përgjithshëm i të shëruarve deri më sot është gjithsej dyqind e nëntëdhjetë e tetë (298) raste.
Nga data 08 shkurt deri më 01 maj 2020, në Laboratorin e Mikrobiologjisë Molekulare në IKSHPK me metodën RT-PCR, janë testuar gjithsej 7.644 mostra të dyshimta në virusin SARS-CoV-2 dhe prej tyre pozitive rezultojnë gjithsej tetëqind e trembëdhjetë (813) raste, me gjithsej njëzet e dy (22) raste të vdekjes të cilët kanë pasur sëmundje të tjera shoqëruese.
Në IKSHPK në vazhdimësi përgjatë 24 orëve janë duke u kontaktuar dhe mbikëqyrë të gjitha kontaktet e rasteve, si dhe kontaktet e kontakteve duke i obliguar për vetëizolim dhe të kërkojnë ndihmë mjekësore nëse kanë simptome.
Në nivel global, nga data 31 dhjetor 2019 deri më 01 maj 2020 sipas Worldometers, janë raportuar gjithsej 3.372.285 raste të COVID-19 dhe 238.084 raste të vdekjes.
QYTETARË TË NDERUAR!
JU LUTEMI TË RESPEKTONI MASAT E SHPALLURA TË PARANDALIMIT NGA INSTITUTI KOMBËTAR DHE MINISTRIA E SHËNDETËSISË!
RUAJENI SHËNDETIN TUAJ! PAKUJDESIA KUSHTON ME JETË!
AKOMA NUK KA KALUAR RREZIKU, ANDAJ:
QËNDRONI NË SHTËPI, KJO UA SHPËTON JETËN!
MBANI DISTANCË FIZIKE PËR SË PAKU 2 METRA!
NA NDIHMONI PAK QË TË JU NDIHMOJMË SHUMË!
Ju faleminderit për mirëkupti",2020-05-01 21:44:11
"komuna e Pejës (sipas vendbanimit: katërmbëdhjetë (14) raste Pejë, pesë (5) raste Nakëll dhe katër (4) raste Bllagajë), katër (4) raste me vendbanim në Runjevë-Kaçanik, dy (2) raste me vendbanim në Strellc i epërm-Deçan dhe me nga një (1) rast vendbanimet: Hoçë e Qytetit-Prizren, Sallagrazhdë-Suharekë dhe Shtime.
Sot më 26 prill 2020, është shëruar edhe një (1) pacientë, bazuar në rekomandimet e OBSH-së ku dy mostra rezultojnë negative me së paku një ditë distancë kohore. Numri i përgjithshëm i të shëruarve deri më sot është gjithsej njëqind e gjashtëdhjetë e gjashtë (166) raste.
Sot më datë 26 prill 2020, nga Klinika Infektive është raportuar një (1) rast i vdekjes, i gjinisë mashkull me moshë 44 vjeç me vendbanim në Malishevë-Gjilan dhe i konfirmuar me COVID-19 me datë 16.04.2020. Pacienti është hospitalizuar në Klinikën Infektive me datë 17.04.20 në gjendje shumë të rëndë dhe sëmundje të tjera shoqëruese.
Nga data 08 shkurt deri më 26 prill 2020, në Laboratorin e Mikrobiologjisë Molekulare në IKSHPK me metodën RT-PCR, janë testuar gjithsej 6.479 mostra të dyshimta në virusin SARS-CoV-2 dhe prej tyre pozitive rezultojnë gjithsej shtatëqind e gjashtëdhjetë e tre (763) raste, ndërsa gjithsej njëzet (21) raste kanë ndërruar jetë dhe të cilët kanë pasur sëmundje të tjera shoqëruese.
Në IKSHPK në vazhdimësi përgjatë 24 orëve janë duke u kontaktuar dhe mbikëqyrë të gjitha kontaktet e rasteve, si dhe kontaktet e kontakteve duke i obliguar për vetëizolim dhe të kërkojnë ndihmë mjekësore nëse kanë simptome.
Në nivel global, nga data 31 dhjetor 2019 deri më 26 prill 2020 sipas Worldometers, janë raportuar gjithsej 2.982.565 raste të COVID-19 dhe 206.325 raste të vdekjes.
QYTETARË TË NDERUAR!
JU LUTEMI TË RESPEKTONI MASAT E SHPALLURA TË PARANDALIMIT NGA INSTITUTI KOMBËTAR DHE MINISTRIA E SHËNDETËSISË!
RUAJENI SHËNDETIN TUAJ! PAKUJDESIA KUSHTON ME JETË!
QËNDRONI NË SHTËPI, KJO UA SHPËTON JETËN!
MBANI DISTANCË FIZIKE PËR SË PAKU 2 METRA!
NA NDIHMONI PAK QË TË JU NDIHMOJMË SHUMË!
Ju faleminderit për mirëkupti",2020-04-26 22:20:28
"komuna e Gjilanit (sipas vendbanimit: shtatë (7) raste Gjilan, shtatë (7) raste Livoç i epërm dhe një (1) rast Kosaçë), gjashtë (6) raste nga komuna e Prizrenit (sipas vendbanimit: pesë (5) raste Prizren dhe një (1) rast Gërnçar), pesë (5) raste nga komuna e Ferizajit (sipas vendbanimit: katër (4) raste Mirash dhe një (1) rast Ferizaj), dy (2) raste me vendbanim në Rahovec, dy (2) raste nga komuna e Dragashit ( sipas vendbanimit një (1) rast Zaplluzhë dhe një (1) rast Plavë) dhe me nga një (1) rast vendbanimet: Prishtinë, Skenderaj, Lladrovc-Malishevë dhe Zveçan.
Sot më 24 prill 2020, janë shëruar edhe tre (3) pacientë, bazuar në rekomandimet e OBSH-së ku dy mostra rezultojnë negative me së paku një ditë distancë kohore. Numri i përgjithshëm i të shëruarve deri më sot është gjithsej njëqind e gjashtëdhjetë e dy (162) raste.
Nga data 08 shkurt deri më 24 prill 2020, në Laboratorin e Mikrobiologjisë Molekulare në IKSHPK me metodën RT-PCR, janë testuar gjithsej 5.890 mostra të dyshimta në virusin SARS-CoV-2 dhe prej tyre pozitive rezultojnë gjithsej shtatëqind e tre (703) raste, ndërsa gjithsej nëntëmbëdhjetë (19) raste kanë ndërruar jetë dhe të cilët kanë pasur sëmundje të tjera shoqëruese.
Në IKSHPK në vazhdimësi përgjatë 24 orëve janë duke u kontaktuar dhe mbikëqyrë të gjitha kontaktet e rasteve, si dhe kontaktet e kontakteve duke i obliguar për vetëizolim dhe të kërkojnë ndihmë mjekësore nëse kanë simptome.
Në nivel global, nga data 31 dhjetor 2019 deri më 24 prill 2020 sipas Worldometers, janë raportuar gjithsej 2.807.240 raste të COVID-19 dhe 195.796 raste të vdekjes.
QYTETARË TË NDERUAR!
JU LUTEMI TË RESPEKTONI MASAT E SHPALLURA TË PARANDALIMIT NGA INSTITUTI KOMBËTAR DHE MINISTRIA E SHËNDETËSISË!
RUAJENI SHËNDETIN TUAJ! PAKUJDESIA KUSHTON ME JETË!
QËNDRONI NË SHTËPI, KJO UA SHPËTON JETËN!
MBANI DISTANCË FIZIKE PËR SË PAKU 2 METRA!
NA NDIHMONI PAK QË TË JU NDIHMOJMË SHUMË!
Ju faleminderit për mirëkupti",2020-04-24 21:48:14
"komuna e Pejës (sipas vendbanimit: pesëmbëdhjetë (15) raste Katund i ri dhe njëmbëdhjetë (11) raste Pejë), nëntë (9) raste me vendbanim në Prizren, dy (2) raste me vendbanim në Mitrovicën e Veriut dhe me nga një (1) rast vendbanimet: Kërninë-Istog dhe Zveçan.
Numri i madh i rasteve të konfirmuara sot në Pejë janë si pasojë e pjesëmarrjes në një ceremonial mortor më 6 prill 2020, përkundër masave të ndalimit të grumbullimit në masë të qytetarëve. Si pasojë e këtij veprimi deri më tani janë diagnostikuar 36 raste pozitive me COVID-19.
Më datë 23 prill 2020, nga Klinika Infektive është raportuar një (1) rast i vdekjes, i gjinisë mashkull me moshë 53 vjeç me vendbanim në Prizren dhe i konfirmuar me COVID-19 me datë 10.04.2020. Pacienti është hospitalizuar në Klinikën Infektive me datë 13.04.20 në gjendje të rënduar dhe në përkujdesje Intensive. Te i sëmuri gjatë ecurisë së sëmundjes janë zhvilluar ndërlikime si pasojë e COVID-19.
Sot më 23 prill 2020, janë shëruar edhe njëzet e një (21) pacientë, bazuar në rekomandimet e OBSH-së ku dy mostra rezultojnë negative me së paku një ditë distancë kohore. Numri i përgjithshëm i të shëruarve deri më sot është gjithsej njëqind e pesëdhjetë e nëntë (159) raste.
Nga data 08 shkurt deri më 23 prill 2020, në Laboratorin e Mikrobiologjisë Molekulare në IKSHPK me metodën RT-PCR, janë testuar gjithsej 5.627 mostra të dyshimta në virusin SARS-CoV-2 dhe prej tyre pozitive rezultojnë gjithsej gjashtëqind e gjashtëdhjetë e nëntë (669) raste, ndërsa gjithsej nëntëmbëdhjetë (19) raste kanë ndërruar jetë dhe të cilët kanë pasur sëmundje të tjera shoqëruese.
Në IKSHPK në vazhdimësi përgjatë 24 orëve janë duke u kontaktuar dhe mbikëqyrë të gjitha kontaktet e rasteve, si dhe kontaktet e kontakteve duke i obliguar për vetëizolim dhe të kërkojnë ndihmë mjekësore nëse kanë simptome.
Në nivel global, nga data 31 dhjetor 2019 deri më 23 prill 2020 sipas Worldometers, janë raportuar gjithsej 2.699.462 raste të COVID-19 dhe 188.930 raste të vdekjes.
QYTETARË TË NDERUAR!
JU LUTEMI TË RESPEKTONI MASAT E SHPALLURA TË PARANDALIMIT NGA INSTITUTI KOMBËTAR DHE MINISTRIA E SHËNDETËSISË!
RUAJENI SHËNDETIN TUAJ! PAKUJDESIA KUSHTON ME JETË!
QËNDRONI NË SHTËPI, KJO UA SHPËTON JETËN!
MBANI DISTANCË FIZIKE PËR SË PAKU 2 METRA!
NA NDIHMONI PAK QË TË JU NDIHMOJMË SHUMË!
Ju faleminderit për mirëkupti",2020-04-23 21:37:10
"komuna e Pejës (sipas vendbanimit: një (1) rast Pejë dhe një (1) rast Llugaxhi.
Më datë 21 prill 2020, nga Klinika Infektive është raportuar një (1) rast i vdekjes, e gjinisë femër me moshë 40 vjeç me vendbanim në Gjakovë dhe e konfirmuar me COVID-19 me datë 15.04.2020. Pacientja është hospitalizuar në Klinikën Infektive dhe trajtuar në Mjekimin Intenziv me Dg.COVID-19, Graviditas hbd 28.
Komuna e Zveçanit dhe Leposaviqit kanë raportuar nga një (1) rast të vdekjes.
Sot më 21 prill 2020, janë shëruar edhe pesë (5) pacientë, bazuar në rekomandimet e OBSH-së ku dy mostra rezultojnë negative me së paku një ditë distancë kohore. Numri i përgjithshëm i të shëruarve deri më sot është gjithsej njëqind e njëzet e tetë (128) raste.
Nga data 08 shkurt deri më 21 prill 2020, në Laboratorin e Mikrobiologjisë Molekulare në IKSHPK me metodën RT-PCR, janë testuar gjithsej 5.200 mostra të dyshimta në virusin SARS-CoV-2 dhe prej tyre pozitive rezultojnë gjithsej gjashtëqind e katër (604) raste, ndërsa gjithsej tetëmbëdhjetë (18) raste kanë ndërruar jetë dhe të cilët kanë pasur sëmundje të tjera shoqëruese.
Në IKSHPK në vazhdimësi përgjatë 24 orëve janë duke u kontaktuar dhe mbikëqyrë të gjitha kontaktet e rasteve, si dhe kontaktet e kontakteve duke i obliguar për vetëizolim dhe të kërkojnë ndihmë mjekësore nëse kanë simptome. Deri më sot janë kontaktuar dhe janë nën mbikëqyrje 6.514 kontakte të rasteve.
Në nivel global, nga data 31 dhjetor 2019 deri më 21 prill 2020 sipas Worldometers, janë raportuar gjithsej 2.536.654 raste të COVID-19 dhe 175.759 raste të vdekjes.
QËNDRONI NË SHTËPI, KJO UA SHPËTON JETËN!
MBANI DISTANCË FIZIKE PËR SË PAKU 2 METRA!
NA NDIHMONI PAK QË TË JU NDIHMOJMË SHUMË!
Ju faleminderit për mirëkupti",2020-04-21 23:34:47
"komuna e Zubin Potokut dhe nga një (1) rast vendbanimet: Pjetërshticë-Shtime, Stubëll-Viti dhe Zveçan.
Sot më 20 prill 2020, janë shëruar edhe njëzet e një (21) pacientë, bazuar në rekomandimet e OBSH-së ku dy mostra rezultojnë negative me së paku një ditë distancë kohore. Numri i përgjithshëm i të shëruarve deri më sot është gjithsej njëqind e njëzet e tre (123).
Nga komuna e Mitrovicës së Veriut janë raportuar dy (2) raste të vdekjes dhe nga komuna e Leposaviqit një (1) rast i vdekjes.
Nga data 08 shkurt deri më 20 prill 2020, në Laboratorin e Mikrobiologjisë Molekulare në IKSHPK me metodën RT-PCR, janë testuar gjithsej 5.009 mostra të dyshimta në virusin SARS-CoV-2 dhe prej tyre pozitive rezultojnë gjithsej pesëqind e nëntëdhjetë e tetë (598) raste, ndërsa gjithsej pesëmbëdhjetë (15) raste kanë ndërruar jetë dhe të cilët kanë pasur sëmundje të tjera shoqëruese.
Në IKSHPK në vazhdimësi përgjatë 24 orëve janë duke u kontaktuar dhe mbikëqyrë të gjitha kontaktet e rasteve, si dhe kontaktet e kontakteve duke iu obliguar për vetëizolim dhe të kërkojnë ndihmë mjekësore nëse kanë simptome. Deri më sot janë kontaktuar dhe janë nën mbikëqyrje 6351 kontakte të rasteve.
Në nivel global, nga data 31 dhjetor 2019 deri më 20 prill 2020 sipas Worldometers, janë raportuar gjithsej 2.467.524 raste të COVID-19 dhe 169.398 raste të vdekjes.
QËNDRONI NË SHTËPI, KJO UA SHPËTON JETËN!
MBANI DISTANCË FIZIKE PËR SË PAKU 2 METRA!
NA NDIHMONI PAK QË TË JU NDIHMOJMË SHUMË!
Ju faleminderit për mirëkupti",2020-04-20 22:38:24
"komuna e Ferizajit (sipas vendbanimit: Ferizaj shtatë (7) raste, raste dhe Kosinë dy (2) raste), dhjetë (10) raste nga komuna e Vitisë (sipas venbanimit:Viti gjashtë (6) raste dhe Skifteraj katër (4) raste), gjashtë (6) raste nga Mitrovica e Veriut, katër (4) raste nga Zveçani, tre (3) nga Vojnovc-Shtime, dy (2) raste nga komuna e Leposaviqit (sipas vendbanimit: Leshak dy (2) raste, dy (2) raste nga komuna e Prishtinës dhe me nga një (1) rast vendbanimet: Prizren dhe Pejë.
Sot më 19 prill 2020, janë shëruar edhe nëntë (9) pacient, bazuar në rekomandimet e OBSH-së ku dy mostra rezultojnë negative me së paku një ditë distancë kohore. Numri i përgjithshëm i të shëruarve deri më sot është gjithsej njëqind e dy (102).
Nga data 08 shkurt deri më 19 prill 2020, në Laboratorin e Mikrobiologjisë Molekulare në IKSHPK me metodën RT-PCR, janë testuar gjithsej 4.661 mostra të dyshimta në virusin SARS-CoV-2 dhe prej tyre, pozitive rezultojnë gjithsej pesëqind e gjashtëdhjetë e një (561) me dymbëdhjetë (12) raste të vdekjes të cilët kanë pasur sëmundje të tjera shoqëruese.
Në IKSHPK në vazhdimësi përgjatë 24 orëve janë duke u kontaktuar dhe mbikëqyrë të gjitha kontaktet e rasteve, si dhe kontaktet e kontakteve duke iu obliguar për vetëizolim dhe të kërkojnë ndihmë mjekësore nëse kanë simptome. Deri më sot janë kontaktuar dhe janë nën mbikëqyrje 6.123 kontakte të rasteve.
Në nivel global, nga data 31 dhjetor 2019 deri më 19 prill 2020 sipas Worldometers, janë raportuar gjithsej 2.393.032 raste të COVID-19 dhe 164.485 raste të vdekjes.
QËNDRONI NË SHTËPI, KJO UA SHPËTON JETËN!
MBANI DISTANCË FIZIKE PËR SË PAKU 2 METRA!
NA NDIHMONI PAK QË TË JU NDIHMOJMË SHUMË!
Ju faleminderit për mirëkupti",2020-04-19 21:56:18
"komuna e Ferizajit (sipas vendbanimit: dhjetë (10) raste Ferizaj, tre (3) raste Mirash, një (1) rast Mirosal dhe një (1) rast Kosinë), nëntë (9) raste nga komuna e Vitisë ( sipas vendbanimit: tre (3) raste Viti, tre (3) raste Gushicë dhe tre (3) raste Pozharan), dy (2) raste me vendbanim në Prishtinë dhe me nga një (1) rast vendbanimet: Miradi e epërme-Fushë Kosovë, Skenderaj, Vojnovc-Shtime, Sllatinë-Leposaviq dhe Zubin Potok .
Sot më 17 prill 2020, janë shëruar edhe pesë (5) pacient, bazuar në rekomandimet e OBSH-së ku dy mostra rezultojnë negative me së paku një ditë distancë kohore. Numri i përgjithshëm i të shëruarve deri më sot është gjithsej tetëdhjetë e katër (84).
Më datë 17 prill 2020, nga Klinika Infektive është raportuar edhe një rast i vdekjes, i gjinisë mashkull me moshë 70 vjeç nga Neredime e epërme -Ferizaj, i konfirmuar me COVID-19 me datë 13.04.2020. Pacienti është referuar nga QMF-Ferizaj dhe hospitalizuar në Klinikën Infektive me 12.04.2020 në gjendje të rënduar. Pacienti ka patur sëmundje shoqëruese (Inflitrim pulmonar dhe Hipertension arterial).
Nga data 08 shkurt deri më 17 prill 2020, në Laboratorin e Mikrobiologjisë Molekulare në IKSHPK me metodën RT-PCR, janë testuar gjithsej 4.124 mostra të dyshimta në virusin SARS-CoV-2 dhe prej tyre, pozitive rezultojnë gjithsej katërqind e tetëdhjetë (480) me dydhjetë (12) raste të vdekjes të cilët kanë pasur sëmundje të tjera shoqëruese.
Në IKSHPK në vazhdimësi përgjatë 24 orëve janë duke u kontaktuar dhe mbikëqyrë të gjitha kontaktet e rasteve, si dhe kontaktet e kontakteve duke iu obliguar për vetëizolim dhe të kërkojnë ndihmë mjekësore nëse kanë simptome. Deri më sot janë kontaktuar dhe janë nën mbikëqyrje 5.828 kontakte të rasteve.
Në nivel global, nga data 31 dhjetor 2019 deri më 17 prill 2020 sipas Worldometers, janë raportuar gjithsej 2.223.240 raste të COVID-19 dhe 152.328 raste të vdekjes.
QËNDRONI NË SHTËPI, KJO UA SHPËTON JETËN!
MBANI DISTANCË FIZIKE PËR SË PAKU 2 METRA!
NA NDIHMONI PAK QË TË JU NDIHMOJMË SHUMË!
Ju faleminderit për mirëkupti",2020-04-17 22:00:44
"komuna e Suharekës (sipas vendbanimit: katër (4) raste Vraniq, një (1) rast Bukosh dhe një (1) rast Krushicë e poshtme), katër (4) raste me vendbanim në Prishtinë, tre (3) raste nga komuna e Gjilanit (sipas vendbanimit: dy (2) raste Gjilan dhe një (1) rast Lladovë), tre (3) raste me vendbanim në Lipjan, tre (3) raste nga komuna e Vitisë ( sipas vendbanimit: dy (2) raste Smirë dhe një (1) Viti), dy (2) raste nga komuna e Leposaviqit (sipas vendbanimit: një (1) rast Leposaviq dhe një (1) rast Graniçan), dy (2) raste nga komuna e Kamenicës ( sipas vendbanimit:një (1) rast Kamenicë dhe një (1) rast Hodonovc) dhe me nga një (1) rast: Samadrexhë-Vushtrri, Pollatë-Podujevë dhe Pjetërshticë-Shtime.
Sot më 16 prill 2020, janë shëruar edhe tetë (8) pacient, bazuar në rekomandimet e OBSH-së ku dy mostra rezultojnë negative me së paku një ditë distancë kohore. Numri i përgjithshëm i të shëruarve deri më sot është gjithsej shtatëdhjetë e nëntë (79).
Më datë 16 prill 2020, nga Klinika Infektive janë raportuar edhe dy raste të vdekjes.Rasti i parë, e gjinisë femër me moshë 73 vjeç nga Llugaxhi-Pejë, e konfirmuar me COVID-19 me datë 26.03.2020. Pacientja është hospitalizuar në Klinikën Infektive dhe trajtuar në Mjekimin Intenziv nga data 25.03. -16.04.2020, e intubuar dhe në respiratore. Pacientja ka patur sëmundje shoqëruese (Inflitrim pulmonar, Hipertension arterial dhe kardiomiopati).
Rasti dytë: e gjinisë femër me moshë 71 vjeç nga Smrekonicë-Vushtrri, e konfirmuar me COVID-19 me datë 05.04.2020. Pacientja është referuar nga QE e spitalit të Vushtrrisë dhe hospitalizuar në Klinikën Infektive me 05.04.2020 në gjendje të rënduar. Pacientja ka patur sëmundje shoqëruese (Inflitrim pulmonar, Hipertension arterial dhe kardiomiopati ).
Nga data 08 shkurt deri më 16 prill 2020, në Laboratorin e Mikrobiologjisë Molekulare në IKSHPK me metodën RT-PCR, janë testuar gjithsej 3.915 mostra të dyshimta në virusin SARS-CoV-2 dhe prej tyre, pozitive rezultojnë gjithsej katërqind e katërdhjetë e nëntë (449) me njëmbëdhjetë (11) raste të vdekjes të cilët kanë pasur sëmundje të tjera shoqëruese.
Në IKSHPK në vazhdimësi përgjatë 24 orëve janë duke u kontaktuar dhe mbikëqyrë të gjitha kontaktet e rasteve, si dhe kontaktet e kontakteve duke iu obliguar për vetëizolim dhe të kërkojnë ndihmë mjekësore nëse kanë simptome. Deri më sot janë kontaktuar dhe janë nën mbikëqyrje 5.448 kontakte të rasteve.
Në nivel global, nga data 31 dhjetor 2019 deri më 16 prill 2020 sipas Worldometers, janë raportuar gjithsej 2.168.045 raste të COVID-19 dhe 144.645 raste të vdekjes.
QËNDRONI NË SHTËPI, KJO UA SHPËTON JETËN!
MBANI DISTANCË FIZIKE PËR SË PAKU 2 METRA!
NA NDIHMONI PAK QË TË JU NDIHMOJMË SHUMË!
Ju faleminderit për mirëkupti",2020-04-16 23:04:56
"komuna e Vitisë (sipas vendbanimit një (1) rast Smirë dhe një (1) rast Skifteraj) dhe me nga një (1) rast vendbanimet: Talinovc-Ferizaj, Hodonovc-Kamenicë, Burojë-Skenderaj, Suharekë, Gjakovë dhe Zveçan.
Sot më 14 prill 2020, janë shëruar edhe tre (3) pacient, bazuar në rekomandimet e OBSH-së ku dy mostra rezultojnë negative me së paku një ditë distancë kohore. Numri i përgjithshëm i të shëruarve deri më sot është gjithsej gjashtëdhjetë e gjashtë (66).
Nga data 08 shkurt deri më 14 prill 2020, në Laboratorin e Mikrobiologjisë Molekulare në IKSHPK me metodën RT-PCR, janë testuar gjithsej 3.547 mostra të dyshimta në virusin SARS-CoV-2 dhe prej tyre, pozitive rezultojnë gjithsej treqind e tetëdhjetë e shtatë (387) me 8 raste të vdekjes të cilët kanë pasur sëmundje të tjera shoqëruese.
Në IKSHPK në vazhdimësi përgjatë 24 orëve janë duke u kontaktuar dhe mbikëqyrë të gjitha kontaktet e rasteve, si dhe kontaktet e kontakteve duke iu obliguar për vetëizolim dhe të kërkojnë ndihmë mjekësore nëse kanë simptome. Deri më sot janë kontaktuar dhe janë nën mbikëqyrje 5.153 kontakte të rasteve.
Në nivel global, nga data 31 dhjetor 2019 deri më 14 prill 2020 sipas Worldometers, janë raportuar gjithsej 1.985.135 raste të COVID-19 dhe 125.344 raste të vdekjes.
QËNDRONI NË SHTËPI, KJO UA SHPËTON JETËN!
MBANI DISTANCË FIZIKE PËR SË PAKU 2 METRA!
NA NDIHMONI PAK QË TË JU NDIHMOJMË SHUMË!
Ju faleminderit për mirëkupti",2020-04-14 22:25:10
"komuna e Suharekës (sipas vendbanimeve në Semetishtë shtatë (7) raste dhe Vraniq dy (2) raste), tre (3) raste nga Lladovë-Gjilan dhe me nga një (1) rast vendbanimet:Nerodime e epërme-Ferizaj, Banjë-Malishevë dhe Leshak-Leposaviq.
Më datë 13 prill 2020, nga Klinika Infektive është raportuar edhe një rast i vdekjes, e gjinisë femër me moshë 38 vjeç nga Llugë-Istog, e konfirmuar me COVID-19 me datë 12.04.2020. Pacientja ka kërkuar ndihmë në Spitalin e Pejës nga data 09.04.2020 prej ku edhe transportohet në Klinikën e Kirurgjisë për trajtim. Pacientja ka patur sëmundje të tjera shoqëruese.
Sot më 13 prill 2020, janë shëruar edhe katër (4) pacient, bazuar në rekomandimet e OBSH-së ku dy mostra rezultojnë negative me së paku një ditë distancë kohore. Numri i përgjithshëm i të shëruarve deri më sot është gjithsej gjashtëdhjetë e tre (63).
Nga data 08 shkurt deri më 13 prill 2020, në Laboratorin e Mikrobiologjisë Molekulare në IKSHPK me metodën RT-PCR, janë testuar gjithsej 3.410 mostra të dyshimta në virusin SARS-CoV-2 dhe prej tyre, pozitive rezultojnë gjithsej treqind e shtatëdhjetë e shtatë (377) me 8 raste të vdekjes të cilët kanë pasur sëmundje të tjera shoqëruese.
Në IKSHPK në vazhdimësi përgjatë 24 orëve janë duke u kontaktuar dhe mbikëqyrë të gjitha kontaktet e rasteve, si dhe kontaktet e kontakteve duke iu obliguar për vetëizolim dhe të kërkojnë ndihmë mjekësore nëse kanë simptome. Deri më sot janë kontaktuar dhe janë nën mbikëqyrje 5.020 kontakte të rasteve.
Në nivel global, nga data 31 dhjetor 2019 deri më 13 prill 2020 sipas Worldometers, janë raportuar gjithsej 1.912.378 raste të COVID-19 dhe 118.683 raste të vdekjes.
QËNDRONI NË SHTËPI, KJO UA SHPËTON JETËN!
MBANI DISTANCË FIZIKE PËR SË PAKU 2 METRA!
NA NDIHMONI PAK QË TË JU NDIHMOJMË SHUMË!
Ju faleminderit për mirëkupti",2020-04-13 21:55:41
"komuna e Malishevës, njëzet e pesë (25) raste nga Prishtina, njëzet e një (21) raste nga komuna e Vushtrrisë, njëzet (20) raste nga Mitrovica e Veriut, tetëmbëdhjetë (18) raste nga Gjilani, trembëdhjetë (13) raste nga Kamenica, dhjetë (10) raste nga Gjakova, dhjetë (10) raste nga Zveçani, shtatë (7) raste nga komuna e Vitisë, gjashtë (6) nga komuna e Pejës, katër (4) raste nga Podujeva, tre (3) raste nga Klina, tre (3) raste nga Fushë Kosova, tre (3) raste nga Prizreni, tre (3) raste nga Leposaviqi, tre (3) raste nga Suhareka, dy (2) raste nga Ferizaji, dy (2) raste nga Zubin Potoku, dy (2) raste nga Lipjani dhe me nga një (1) rast komuna e Drenasit, Obiliqit dhe Shtimes.
Në IKSHPK në vazhdimësi përgjatë 24 orëve janë duke u kontaktuar dhe mbikëqyrë të gjitha kontaktet e rasteve, si dhe kontaktet e kontakteve duke iu obliguar për vetëizolim dhe të kërkojnë ndihmë mjekësore nëse kanë simptome. Deri më sot janë kontaktuar dhe janë nën mbikëqyrje 3.882 kontakte të rasteve.
Nga data 01 shkurt 2020 deri me 08 prill 2020 në Aeroportin ndërkombëtar “Adem Jashari” si dhe në pikat tokësore kufitare janë depistuar gjithsej 25.990 udhëtarë. Në Aeroportin “Adem Jashari” 1.070 udhëtarë, Merdare 6.559, Vërmicë 7.477, Jarinje 2.219, Dheu i Bardhë 1.245, Hani i Elezit 4.899, Kullë 1.614, Qafë Morinë 47, Bërnjak 657, Qafë Prush 35, Muçibabë 167 dhe Glloboçicë 1 udhëtarë.
Në nivel global, nga data 31 dhjetor 2019 deri më 8 prill 2020 sipas Worldometers, janë raportuar gjithsej 1.524.844 raste të COVID-19 dhe 87.870 raste të vdekjes.
QËNDRONI NË SHTËPI, KJO UA SHPËTON JETËN!
MBANI DISTANCË FIZIKE PËR SË PAKU 2 METRA!
NA NDIHMONI PAK QË TË JU NDIHMOJMË SHUMË!
Ju faleminderit për mirëkupti",2020-04-09 00:26:21
"komuna e Malishevës (Llashkadrenoc, Senik, Carallukë, Damanek, Bubavec, Panorc), 11 raste nga Gjilani (Vrapqiq) dhe një punëtor shëndetësor nga Gjakova.
Rekomandimet parandaluese për distancim social me kufizim të lëvizjes së qytetarëve në kohë të caktuar, si masë për mbrojtje nga koronavirusi janë të mbështetura nga OBSH dhe ECDC që do të mundësojnë shkëputjen e hallkës së qarkullimit të virusit duke vazhduar njëkohësisht me të gjitha pikat vitale të jetës (shëndetësia, tregtia ushqimore, KEK, ujësjellësi) për të siguruar zinxhirin e zhvillimit të jetës normale ku distancimi social lejon te bisedoni nga dy metra largesi dhe të dilni për nevoja personale duke iu përmbajtur edhe në ato rrethana rekomandimeve të Institutit në kohë të caktuar.
Në IKSHPK në vazhdimësi përgjatë 24 orëve janë duke u kontaktuar dhe mbikëqyrë të gjitha kontaktet e rasteve, si dhe kontaktet e kontakteve duke iu obliguar për vetëizolim dhe të kërkojnë ndihmë mjekësore nëse kanë simptoma.
QËNDRONI NË SHTËPI, KJO UA SHPËTON JETËN!
MBANI DISTANCË SOCIALE PËR 2 METRA!
NA NDIHMONI PAK QË TË JU NDIHMOJMË SHUM",2020-03-24 12:09:17
"komuna e Shtimes, e gjinisë mashkull me moshë 44 vjeç dhe tjetra me vendbanim në Prishtinë nga komuna e Prishtinës e gjinisë femër e moshës 39 vjeç.
Nga data 08.02.2020 deri me 23.03.2020, në Laboratorin e Mikrobiologjisë Molekulare në IKSHPK me metodën RT-PCR, janë testuar gjithsej 604 mostra të dyshimta në virusin SARS-CoV-2 dhe prej tyre, gjithsej tridhjetë e pesë (35) raste kanë rezultuar pozitive.
Nga data 01.02.2020 deri me 23.03.2020 në Aeroportin ndërkombëtar “Adem Jashari” si dhe në pikat tokësore kufitare janë depistuar gjithsej 16.756 udhëtarë. Në Aeroportin “Adem Jashari” 1.015 udhëtarë, Merdare 5.202, Vërmicë 4.395, Jarinje 1.188, Dheu i Bardhë 985, Hani i Elezit 2.157, Kullë 1.070, Qafë Morinë 47, Bërnjak 499, Qafë Prush 35, Muçibabë 162 dhe Glloboçicë 1 udhëtarë.
Në IKSHPK në vazhdimësi përgjatë 24 orëve janë duke u kontaktuar dhe mbikëqyrë të gjitha kontaktet e rasteve, si dhe kontaktet e kontakteve duke iu obliguar për vetëizolim dhe të kërkojnë ndihmë mjekësore nëse kanë simptome. Deri më sot janë kontaktuar dhe janë nën mbikëqyrje 617 kontakte të rasteve që kanë rezultuar pozitive.
Në nivel global, nga data 31 dhjetor 2019 deri më 23 mars 2020 sipas Worldometers, janë raportuar gjithsej 341.760 raste të COVID-19 dhe 14.757 raste të vdekjes. Numri më madhi rasteve raportohet nga Kina (81.093), Italia (59.138), SHBA (35.070), Spanjë (29.909), Gjermani (24.904), Irani (21.638), Francë (16.018), Zvicër (7.776), Mbretëri të Bashkuar (5.683), Holandë (4.204), Austria (3.631), Belgjikë (3.401), Turqi (1.236), Greqi (624), Slloveni (414), Kroaci (306), Serbi (222), Maqedoni e veriut (115) dhe Shqipëri (89).
Deri me 23 mars 2020, nga vendet e BE/AEE dhe Mbretëri të bashkuar janë raportuar këto raste të vdekjes: Itali (5.476), Spanjë (1.813), Francë (674), Mbretëri të Bashkuar (281), Holandë (179), Zvicër (100), Gjermani (94), Belgjikë (75), Turqi (30), Greqi (15), Danimarkë (13), Austri (16), Luksemburg (8), Poloni (7), Hungari (7), Bullgari (3), Shqipëri (4), Slloveni (3) Serbi (2), Maqedoni e veriut (2) dhe Kroaci (1).
QËNDRONI NË SHTËPI, KJO UA SHPËTON JETËN!
MBANI DISTANCË SOCIALE PËR 2 METRA!
NA NDIHMONI PAK QË TË JU NDIHMOJMË SHUMË!
Ju faleminderit për mirëkupti",2020-03-23 16:10:07
"komuna e Gjilanit, e gjinisë femër me moshë 50 vjeç dhe tjetri me vendbanim nga fshati Domanek komuna e Malishevës i gjinisë mashkull i moshës 53vjeç.
Nga data 08.02.2020 deri me 22.03.2020, në Laboratorin e Mikrobiologjisë Molekulare në IKSHPK me metodën RT-PCR, janë testuar gjithsej 577 mostra të dyshimta në virusin SARS-CoV-2 dhe prej tyre, gjithsej tridhjetë e tri (33) raste kanë rezultuar pozitive.
Në nivel global, nga data 31 dhjetor 2019 deri më 22 mars 2020 sipas Worldometers, janë raportuar gjithsej 318.981 raste të COVID-19 dhe 13.685 raste të vdekjes. Numri më madh i rasteve raportohet nga Kina (81.054), Italia (53.578), Spanjë (28.572), SHBA (27.151), Gjermani (23.974), Irani (21.638), Francë (14.459), Zvicër (7.225), Mbretëri të Bashkuar (5.018), Holandë (4.204), Austria (3.302), Belgjikë (3.401), Turqi (947), Greqi (530), Slloveni (414), Kroaci (235), Serbi (188), Maqedoni e veriut (115) dhe Shqipëri (89).
Deri me 22 mars 2020, nga vendet e BE/AEE dhe Mbretërisë së Bashkuar janë raportuar këto raste të vdekjes: Itali (4.825), Spanjë (1.753), Francë (562), Mbretëri të Bashkuar (244), Holandë (179), Gjermani (93), Belgjikë (75), Greqi (13), Danimarkë (13), Turqi (21), Austri (16), Luksemburg (8), Poloni (7), Hungari (6), Bullgari (3), Shqipëri (2), Serbi (2), Kroaci (1) Maqedoni e veriut (1) dhe Slloveni (1).
Në IKSHPK në vazhdimësi përgjatë 24 orëve janë duke u kontaktuar dhe mbikëqyrë të gjitha kontaktet e rasteve, si dhe kontaktet e kontakteve duke iu obliguar për vetëizolim dhe të kërkojnë ndihmë mjekësore nëse kanë simptome. Deri më sot janë kontaktuar dhe janë nën mbikëqyrje 560 kontakte të rasteve që kanë rezultuar pozitive.
QËNDRONI NË SHTËPI, KJO UA SHPËTON JETËN!
MBANI DISTANCË SOCIALE PËR 2 METRA!
NA NDIHMONI PAK QË TË JU NDIHMOJMË SHUMË!
Ju faleminderit për mirëkupti",2020-03-22 19:08:07
"komuna e Lipjanit, i gjinisë mashkullore me moshë 46 vjeçare i kthyer nga Berlini me aeroplan me 11 mars 2020
Nga data 08.02.2020 deri me 19.03.2020, në Laboratorin e Mikrobiologjisë Molekulare në IKSHPK me metodën RT-PCR, janë testuar gjithsej 340 mostra të dyshimta në virusin SARS-CoV-2 dhe gjithsej prej tyre, 21 (njëzet e një) raste kanë rezultuar pozitive.
Apelojmë të gjithë qytetarët e ardhur në këtë aeroplan të lajmërohen në numrin 038 200 80 800 në qendrën e thirrjeve në IKSHPK.
Në qendrën e thirrjeve deri më tash janë pranuar në total 2.853 thirrje, ndërsa vetëm në 24 orët e fundit janë pranuar 809 thirrje telefonike.
Nga data 01.02.2020 deri me 19.03.2020 në Aeroportin ndërkombëtar “Adem Jashari” si dhe në pikat tokësore kufitare janë depistuar gjithsej 14.442 udhëtarë. Në Aeroportin “Adem Jashari” 1.015 udhëtarë, Merdare 4.882, Vërmicë 3.832, Jarinje 929, Dheu i Bardhë 891, Hani i Elezit 1.430, Kullë 822, Qafë Morinë 47, Bërnjak 414, Qafë Prush 35, Muçibabë 144 dhe Glloboçicë 1 udhëtarë.
Instituti Kombëtar i Shëndetësisë Publike të Kosovës (IKSHPK) po përcjell me vigjilencë të shtuar situatën epidemiologjike me COVID-19, po monitoron të gjitha rastet e kontakteve dhe atyre të cilëve u është rekomanduar për vetëizolim shtëpiak.
Ekipet e QRShP në rajonet përkatëse janë në terren dhe janë duke i kontakuar kontaktet e kontakteve të rasteve pozitive me COVID-19 për mbikëqyrje të rreptë për 14 ditë duke rekomanduar që personat të vetëizolohen dhe ata që kanë simptome të lajmërohen në klinikën infektive.
Në IKShPK në vazhdimësi përgjatë 24 orëve janë duke u kontaktuar dhe mbikëqyrë të gjitha kontaktet e rasteve, si dhe kontaktet e kontakteve duke iu obliguar për vetëizolim dhe të kërkojnë ndihmë mjekësore nëse kanë simptome.
Në bazë të qarkores së Ministrisë së Shëndetësisë është rekomanduar reduktimi i operacioneve elektive dhe i vizitave në ambulancat specialistike spitalore.
Në nivel global, nga data 31 dhjetor 2019 deri më 19 mars 2020 sipas Worldometers, janë raportuar gjithsej 225.252 raste të COVID-19 me 9.276 raste të vdekjes, numri më i madh i rasteve raportohet nga Kina (80.928), Italia (35.713), Irani (18.407), përderisa në BE/AEE dhe Mbretëri të bashkuar janë raportuar gjithsej 93,419 raste të COVID-19: Itali (35.713), Spanjë (14.769), Francë (9.134), Gjermani (12.327), Mbretëri të Bashkuar (2.626), Holandë (2.051), Belgjikë (1.486), Greqi (418), Turqi (191), Serbi (97), Kroaci (99), Shqipëri (59), Maqedoni e veriut (43) dhe Mal të zi (8).
Deri me 19 mars 2020, numrin më të madh të vdekjeve e shenon Kina me (3.245), Italia me (2.978), Iran (1.284), nga vendet e BE/AEE dhe Mbretëri të Bashkuar janë raportuar 4.188 raste të vdekjes: Itali (2.978), Spanjë (638), Francë (264), Mbretëri të Bashkuar (104), Gjermani (31), Belgjikë (14), Norvegji (6), Austri (5), Poloni (5), Greqi (5), Luksemburg (4), Danimarkë (4), Bullgari (3), Irlandë (2), Turqi (2), Shqipëri (2), dhe Hungari (1).
Në këtë situatë vetëdija dhe ndihma e juaj është e domosdoshme. Mbani distancë nga tjetri. Reduktoni daljet veç në raste emergjente. Ndiqni rekomandimet nga Ministria e shëndetësisë dhe Instituti kombëtar i Shëndetësisë Publike të Kosovës.
NA NDIHMONI PAK QË TË JU NDIHMOJMË SHUMË!
IKShPK shpreh shqetësimin për lëvizjet e shumta dhe grumbullime të qytetarëve në qytet, parqe dhe vende rekreative të hapura, të cilat mund të rrezikojnë shëndetin e popullatës dhe përhapjen e COVID-19, e cila aktualisht është e lokalizuar.
Por, nese nuk u përmbahemi masave të rekomanduara më herët nga MSh dhe IKSHPK për qëndrim në shtëpi, respektim të masave higjienike dhe të distancimit social, atëherë rrezikojmë të kemi përhapje komunitare.
TA PARANDALOJMË KËTË!
QËNDRONI NË SHTËPI, KJO UA SHPËTON JETËN!
Ju faleminderit për mirëkupti",2020-03-19 20:36:27
"komuna e Gjakovës, të kthyer nga Dusseldorfi i Gjermanisë, njëri i gjinisë mashkull 54 vjeç dhe tjetri i gjinisë femër 49 vjeç.
Në qendrën e thirrjeve deri më tash janë pranuar në total 2112 thirrje, ndërsa vetëm në 24 orët e fundit janë pranuar 727 thirrje telefonike.
Nga data 01.02.2020 deri me 17.03.2020 në Aeroportin ndërkombëtar “Adem Jashari” si dhe në pikat tokësore kufitare janë depistuar gjithsej 12.309 udhëtarë. Në Aeroportin “Adem Jashari” 519 udhëtarë, Merdare 4.596, Vërmicë 3.380, Jarinje 812, Dheu i Bardhë 732, Hani i Elezit 1.080, Kullë 674, Qafë Morinë 41, Bërnjak 322, Qafë Prush 28, Muçibabë 124 dhe Glloboçicë 1 udhëtarë.
Instituti Kombëtar i Shëndetësisë Publike të Kosovës (IKSHPK) po përcjell me vigjilencë të shtuar situatën epidemiologjike me COVID-19, po monitoron të gjitha rastet e kontakteve si dhe atyre të cilëve u është rekomanduar për vetëizolim shtëpiak.
Ekipet e QRShP në rajonet përkatëse janë në terren dhe janë duke i kontakuar kontaktet e kontakteve të rasteve pozitive me COVID-19 për mbikëqyrje të rreptë për 14 ditë duke rekomanduar që personat të vetëizolohen dhe ata që kanë simptome të lajmërohen në klinikën infektive.
Në IKShPK në vazhdimësi përgjatë 24 orëve janë duke u kontaktuar dhe mbikëqyrë të gjitha kontaktet e rasteve, si dhe kontaktet e kontakteve duke iu obliguar për vetëizolim dhe të kërkojnë ndihmë mjekësore nëse kanë simptome.
Në bazë të qarkores së Ministrisë së Shëndetësisë është rekomanduar reduktimi i operacioneve elektive dhe i vizitave në ambulancat specialistike spitalore.
Në këtë situatë vetëdija dhe ndihma e juaj është e domosdoshme. Mbani distancë nga tjetri. Reduktoni daljet veç në raste emergjente. Ndiqni rekomandimet nga Ministria e shëndetësisë dhe Instituti kombëtar i Shëndetësisë Publike të Kosovës.
Ju faleminderit për mirëkupti",2020-03-17 18:54:32
"komuna e Obiliqit. Njeri i gjinisë mashkull dhe tjetri rast i gjinisë femër, të dytë të moshës 26 vjeçare.
Në qendrën e thirrjeve deri më tash janë pranuar në total 1600 thirrje, ndërsa vetëm sot nga orët e hershme të mëngjesit janë pranuar 215 thirrje telefonike.
Nga data 01.02.2020 deri me 16.03.2020 në Aeroportin ndërkombëtar “Adem Jashari” si dhe në pikat tokësore kufitare janë depistuar gjithsej 10.653 udhëtarë. Në Aeroportin “Adem Jashari” 479 udhëtarë, Merdare 4.264, Vërmicë 2.989, Jarinje 742, Dheu i Bardhë 552, Hani i Elezit 734, Kullë 534, Qafë Morinë 41, Bërnjak 178, Qafë Prush 15, Muçibabë 124 dhe Glloboçicë 1 udhëtarë.
Instituti Kombëtar i Shëndetësisë Publike të Kosovës (IKSHPK) po përcjell me vigjilencë të shtuar situatën epidemiologjike me COVID-19, po monitoron të gjitha rastet e kontakteve si dhe atyre të cilëve u është rekomanduar për vetëizolim shtëpiak.
Ekipet e QRShP në rajonet përkatëse janë në terren dhe janë duke i kontakuar kontaktet e kontakteve të rasteve pozitive me COVID-19 për mbikëqyrje të rreptë për 14 ditë duke rekomanduar që personat të vetëizolohen dhe ata që kanë simptome të lajmërohen në klinikën infektive.
Në IKShPK në vazhdimësi përgjatë 24 orëve janë duke u kontaktuar dhe mbikëqyrë të gjitha kontaktet e rasteve, si dhe kontaktet e kontakteve duke iu obliguar për vetëizolim dhe të kërkojnë ndihmë mjekësore nëse kanë simptome.
Në bazë të qarkores së Ministrisë së Shëndetësisë është rekomanduar reduktimi i operacioneve elektive dhe i vizitave në ambulancat specialistike spitalore.
Në nivel global, nga data 31 dhjetor 2019 deri më 16 mars 2020 sipas ECDC, janë raportuar gjithsej 167.414 raste të COVID-19 me 6.507 raste të vdekjes, përderisa në BE/AEE dhe Mbretëri të bashkuar janë raportuar gjithsej 51.771 raste të COVID-19 me 2.316 raste të vdekjes: Itali (1.811), Spanjë (288), Francë (127), Mbretëri të Bashkuar (35), Gjermani (12), Belgjikë (4), Greqi (4), (3), Poloni (3), Bullgari (2), Irlandë (2), Austri (1), Danimarkë (1), Hungari (1), Luksemburg (1), Norvegji (1) dhe Shqipëri (1).
Në rast të ndryshimit apo përkeqësimit të situatës epidemiologjike me COVID-19 në Kosovë, rekomandimet mund të pësojnë ndryshime. Qytetarët do të jenë të informuar në kohë reale për çdo ndryshim eventual të tillë
Në këtë situatë vetëdija dhe ndihma e juaj është e domosdoshme. Mbani distancë nga tjetri. Reduktoni daljet veç në raste emergjente. Ndiqni rekomandimet nga Ministria e Shëndetësisë dhe Instituti Kombëtar i Shëndetit Publik.
Ju faleminderit për mirëkupti",2020-03-16 15:58:13
